Date,0669.HK,2285.HK
2015-01-05,100.0,
2015-01-06,99.20318725099601,
2015-01-07,99.20318725099601,
2015-01-08,99.402390438247,
2015-01-09,100.59760956175299,
2015-01-12,101.99203187250995,
2015-01-13,99.402390438247,
2015-01-14,99.601593625498,
2015-01-15,97.41035856573704,
2015-01-16,97.41035856573704,
2015-01-19,96.21513944223106,
2015-01-20,96.41434262948206,
2015-01-21,98.40637450199202,
2015-01-22,99.00398406374502,
2015-01-23,101.39442231075697,
2015-01-26,98.60557768924302,
2015-01-27,98.60557768924302,
2015-01-28,99.20318725099601,
2015-01-29,99.601593625498,
2015-01-30,101.19521912350598,
2015-02-02,99.402390438247,
2015-02-03,99.402390438247,
2015-02-04,99.601593625498,
2015-02-05,100.0,
2015-02-06,102.19123505976096,
2015-02-09,102.58964143426294,
2015-02-10,102.39043824701196,
2015-02-11,103.98406374501991,
2015-02-12,99.601593625498,
2015-02-13,101.19521912350598,
2015-02-16,103.78486055776892,
2015-02-17,102.78884462151395,
2015-02-25,109.3625498007968,
2015-02-26,107.96812749003983,
2015-02-27,106.97211155378486,
2015-03-02,106.37450199203187,
2015-03-03,106.57370517928287,
2015-03-04,107.37051792828684,
2015-03-05,106.97211155378486,
2015-03-06,108.76494023904382,
2015-03-09,108.56573705179282,
2015-03-10,106.97211155378486,
2015-03-11,105.77689243027888,
2015-03-12,107.96812749003983,
2015-03-13,106.77290836653385,
2015-03-16,105.17928286852589,
2015-03-17,104.9800796812749,
2015-03-18,105.77689243027888,
2015-03-19,104.9800796812749,
2015-03-20,109.3625498007968,
2015-03-23,107.56972111553785,
2015-03-24,105.97609561752988,
2015-03-25,107.56972111553785,
2015-03-26,107.56972111553785,
2015-03-27,106.57370517928287,
2015-03-30,105.17928286852589,
2015-03-31,104.38247011952191,
2015-04-01,108.36653386454182,
2015-04-02,105.77689243027888,
2015-04-03,105.77689243027888,
2015-04-07,105.77689243027888,
2015-04-08,103.18725099601593,
2015-04-09,104.5816733067729,
2015-04-10,102.98804780876493,
2015-04-13,104.7808764940239,
2015-04-14,107.37051792828684,
2015-04-15,107.76892430278883,
2015-04-16,109.5617529880478,
2015-04-17,106.37450199203187,
2015-04-20,105.77689243027888,
2015-04-21,106.97211155378486,
2015-04-22,107.56972111553785,
2015-04-23,109.5617529880478,
2015-04-24,112.74900398406373,
2015-04-27,114.3426294820717,
2015-04-28,113.34661354581672,
2015-04-29,108.16733067729083,
2015-04-30,109.7609561752988,
2015-05-04,108.96414342629481,
2015-05-05,107.96812749003983,
2015-05-06,108.16733067729083,
2015-05-07,106.17529880478087,
2015-05-08,106.57370517928287,
2015-05-11,107.56972111553785,
2015-05-12,106.97211155378486,
2015-05-13,108.96414342629481,
2015-05-14,106.77290836653385,
2015-05-15,107.96812749003983,
2015-05-18,109.96015936254979,
2015-05-19,108.16733067729083,
2015-05-20,110.55776892430278,
2015-05-21,111.15537848605577,
2015-05-22,111.15537848605577,
2015-05-25,111.15537848605577,
2015-05-26,111.55378486055776,
2015-05-27,107.96812749003983,
2015-05-28,107.17131474103584,
2015-05-29,106.57370517928287,
2015-06-01,106.77290836653385,
2015-06-02,106.97211155378486,
2015-06-03,107.56972111553785,
2015-06-04,108.16733067729083,
2015-06-05,105.97609561752988,
2015-06-08,104.18326693227091,
2015-06-09,102.19123505976096,
2015-06-10,101.99203187250995,
2015-06-11,102.78884462151395,
2015-06-12,101.99203187250995,
2015-06-15,100.99601593625498,
2015-06-16,100.19920318725097,
2015-06-17,102.19123505976096,
2015-06-18,104.18326693227091,
2015-06-19,104.5816733067729,
2015-06-23,105.57768924302789,
2015-06-24,104.7808764940239,
2015-06-25,104.7808764940239,
2015-06-26,104.18326693227091,
2015-06-29,103.78486055776892,
2015-06-30,101.19521912350598,
2015-07-01,101.19521912350598,
2015-07-02,106.77290836653385,
2015-07-03,106.57370517928287,
2015-07-06,105.37848605577689,
2015-07-07,106.97211155378486,
2015-07-08,100.59760956175299,
2015-07-09,105.57768924302789,
2015-07-10,103.38645418326693,
2015-07-13,103.38645418326693,
2015-07-14,104.7808764940239,
2015-07-15,107.56972111553785,
2015-07-16,109.5617529880478,
2015-07-17,111.75298804780876,
2015-07-20,113.34661354581672,
2015-07-21,111.95219123505976,
2015-07-22,110.75697211155378,
2015-07-23,109.7609561752988,
2015-07-24,109.16334661354581,
2015-07-27,104.9800796812749,
2015-07-28,106.17529880478087,
2015-07-29,110.15936254980079,
2015-07-30,113.54581673306771,
2015-07-31,108.96414342629481,
2015-08-03,108.16733067729083,
2015-08-04,106.97211155378486,
2015-08-05,108.96414342629481,
2015-08-06,108.96414342629481,
2015-08-07,110.95617529880477,
2015-08-10,108.96414342629481,
2015-08-11,115.53784860557768,
2015-08-12,113.94422310756973,
2015-08-13,112.74900398406373,
2015-08-14,113.54581673306771,
2015-08-17,113.74501992031871,
2015-08-18,111.15537848605577,
2015-08-19,118.92430278884463,
2015-08-20,115.9362549800797,
2015-08-21,113.14741035856572,
2015-08-24,107.96812749003983,
2015-08-25,109.16334661354581,
2015-08-26,109.5617529880478,
2015-08-27,110.15936254980079,
2015-08-28,113.74501992031871,
2015-08-31,111.75298804780876,
2015-09-01,113.54581673306771,
2015-09-02,111.35458167330677,
2015-09-07,112.54980079681273,
2015-09-08,113.34661354581672,
2015-09-09,119.9203187250996,
2015-09-10,118.72509960159363,
2015-09-11,118.12749003984062,
2015-09-14,115.9362549800797,
2015-09-15,115.53784860557768,
2015-09-16,117.72908366533865,
2015-09-17,117.92828685258965,
2015-09-18,116.73306772908364,
2015-09-21,116.33466135458166,
2015-09-22,116.53386454183266,
2015-09-23,112.74900398406373,
2015-09-24,118.32669322709162,
2015-09-25,115.13944223107569,
2015-09-28,115.13944223107569,
2015-09-29,113.54581673306771,
2015-09-30,113.94422310756973,
2015-10-08,111.75298804780876,
2015-10-09,111.95219123505976,
2015-10-12,113.74501992031871,
2015-10-13,112.74900398406373,
2015-10-14,111.75298804780876,
2015-10-15,107.96812749003983,
2015-10-16,112.74900398406373,
2015-10-19,112.54980079681273,
2015-10-20,112.35059760956175,
2015-10-21,112.35059760956175,
2015-10-22,114.5418326693227,
2015-10-23,114.74103585657369,
2015-10-26,112.94820717131473,
2015-10-27,113.94422310756973,
2015-10-28,113.94422310756973,
2015-10-29,114.1434262948207,
2015-10-30,113.34661354581672,
2015-11-02,115.53784860557768,
2015-11-03,117.52988047808763,
2015-11-04,116.93227091633467,
2015-11-05,120.91633466135458,
2015-11-06,125.09960159362548,
2015-11-09,121.91235059760956,
2015-11-10,119.3227091633466,
2015-11-11,121.31474103585656,
2015-11-12,121.31474103585656,
2015-11-13,121.71314741035857,
2015-11-16,119.7211155378486,
2015-11-17,121.51394422310757,
2015-11-18,125.2988047808765,
2015-11-19,125.2988047808765,
2015-11-20,126.89243027888446,
2015-11-23,126.89243027888446,
2015-11-24,125.4980079681275,
2015-11-25,123.50597609561753,
2015-11-26,126.29482071713147,
2015-11-27,125.09960159362548,
2015-11-30,125.2988047808765,
2015-12-01,123.50597609561753,
2015-12-02,120.91633466135458,
2015-12-03,120.91633466135458,
2015-12-04,118.72509960159363,
2015-12-07,119.3227091633466,
2015-12-08,118.12749003984062,
2015-12-09,119.52191235059759,
2015-12-10,119.52191235059759,
2015-12-11,120.5179282868526,
2015-12-14,118.52589641434261,
2015-12-15,118.52589641434261,
2015-12-16,120.7171314741036,
2015-12-17,125.2988047808765,
2015-12-18,123.10756972111551,
2015-12-21,121.71314741035857,
2015-12-22,123.70517928286853,
2015-12-23,123.50597609561753,
2015-12-24,124.1035856573705,
2015-12-25,124.1035856573705,
2015-12-28,123.10756972111551,
2015-12-29,124.1035856573705,
2015-12-30,126.29482071713147,
2015-12-31,125.89641434262948,
2016-01-04,123.50597609561753,
2016-01-05,125.4980079681275,
2016-01-06,126.29482071713147,
2016-01-07,126.89243027888446,
2016-01-08,122.90836653386454,
2016-01-11,117.13147410358565,
2016-01-12,118.32669322709162,
2016-01-13,121.11553784860556,
2016-01-14,117.92828685258965,
2016-01-15,120.31872509960158,
2016-01-18,117.72908366533865,
2016-01-19,119.9203187250996,
2016-01-20,117.72908366533865,
2016-01-21,118.12749003984062,
2016-01-22,117.33067729083663,
2016-01-25,119.1235059760956,
2016-01-26,118.72509960159363,
2016-01-27,120.31872509960158,
2016-01-28,119.3227091633466,
2016-01-29,116.73306772908364,
2016-02-01,117.13147410358565,
2016-02-02,116.93227091633467,
2016-02-03,113.74501992031871,
2016-02-04,118.32669322709162,
2016-02-05,115.53784860557768,
2016-02-15,109.5617529880478,
2016-02-16,108.56573705179282,
2016-02-17,110.75697211155378,
2016-02-18,112.74900398406373,
2016-02-19,111.95219123505976,
2016-02-22,113.94422310756973,
2016-02-23,111.15537848605577,
2016-02-24,116.73306772908364,
2016-02-25,115.73705179282867,
2016-02-26,120.5179282868526,
2016-02-29,118.32669322709162,
2016-03-01,117.72908366533865,
2016-03-02,120.7171314741036,
2016-03-03,121.71314741035857,
2016-03-04,122.50996015936255,
2016-03-07,116.33466135458166,
2016-03-08,116.73306772908364,
2016-03-09,118.52589641434261,
2016-03-10,115.33864541832668,
2016-03-11,117.33067729083663,
2016-03-14,118.72509960159363,
2016-03-15,121.11553784860556,
2016-03-16,117.72908366533865,
2016-03-17,119.3227091633466,
2016-03-18,119.1235059760956,
2016-03-21,121.91235059760956,
2016-03-22,120.91633466135458,
2016-03-23,122.70916334661355,
2016-03-24,123.70517928286853,
2016-03-25,123.70517928286853,
2016-03-28,123.70517928286853,
2016-03-29,120.11952191235058,
2016-03-30,121.51394422310757,
2016-03-31,122.11155378486053,
2016-04-01,120.7171314741036,
2016-04-05,118.12749003984062,
2016-04-06,120.7171314741036,
2016-04-07,120.5179282868526,
2016-04-08,119.7211155378486,
2016-04-11,121.31474103585656,
2016-04-12,121.91235059760956,
2016-04-13,120.31872509960158,
2016-04-14,120.7171314741036,
2016-04-15,122.11155378486053,
2016-04-18,121.51394422310757,
2016-04-19,120.91633466135458,
2016-04-20,118.12749003984062,
2016-04-21,119.7211155378486,
2016-04-22,117.13147410358565,
2016-04-25,116.33466135458166,
2016-04-26,119.7211155378486,
2016-04-27,116.73306772908364,
2016-04-28,116.33466135458166,
2016-04-29,116.13545816733067,
2016-05-03,115.9362549800797,
2016-05-04,117.92828685258965,
2016-05-05,118.52589641434261,
2016-05-06,116.73306772908364,
2016-05-09,117.92828685258965,
2016-05-10,120.7171314741036,
2016-05-11,122.11155378486053,
2016-05-12,122.70916334661355,
2016-05-13,124.7011952191235,
2016-05-16,124.9003984063745,
2016-05-17,123.90438247011953,
2016-05-18,125.2988047808765,
2016-05-19,121.11553784860556,
2016-05-20,121.71314741035857,
2016-05-23,121.31474103585656,
2016-05-24,120.91633466135458,
2016-05-25,122.11155378486053,
2016-05-26,121.51394422310757,
2016-05-27,122.70916334661355,
2016-05-30,123.50597609561753,
2016-05-31,124.5019920318725,
2016-06-01,125.09960159362548,
2016-06-02,126.09561752988046,
2016-06-03,124.9003984063745,
2016-06-06,126.89243027888446,
2016-06-07,125.89641434262948,
2016-06-08,123.10756972111551,
2016-06-13,122.11155378486053,
2016-06-14,120.5179282868526,
2016-06-15,120.11952191235058,
2016-06-16,120.5179282868526,
2016-06-17,123.90438247011953,
2016-06-20,121.11553784860556,
2016-06-21,122.31075697211153,
2016-06-22,122.11155378486053,
2016-06-23,122.31075697211153,
2016-06-24,120.5179282868526,
2016-06-27,123.70517928286853,
2016-06-28,121.71314741035857,
2016-06-29,125.89641434262948,
2016-06-30,128.4860557768924,
2016-07-01,128.4860557768924,
2016-07-04,130.0796812749004,
2016-07-05,129.28286852589642,
2016-07-06,130.0796812749004,
2016-07-07,129.28286852589642,
2016-07-08,130.4780876494024,
2016-07-11,132.47011952191235,
2016-07-12,135.85657370517927,
2016-07-13,133.26693227091636,
2016-07-14,134.4621513944223,
2016-07-15,131.27490039840637,
2016-07-18,131.87250996015936,
2016-07-19,133.6653386454183,
2016-07-20,134.0637450199203,
2016-07-21,132.86852589641433,
2016-07-22,132.47011952191235,
2016-07-25,132.6693227091633,
2016-07-26,134.26294820717132,
2016-07-27,133.46613545816732,
2016-07-28,132.47011952191235,
2016-07-29,130.87649402390437,
2016-08-01,133.26693227091636,
2016-08-02,133.26693227091636,
2016-08-03,130.87649402390437,
2016-08-04,132.47011952191235,
2016-08-05,134.4621513944223,
2016-08-08,133.6653386454183,
2016-08-09,133.46613545816732,
2016-08-10,134.26294820717132,
2016-08-11,133.46613545816732,
2016-08-12,134.26294820717132,
2016-08-15,132.47011952191235,
2016-08-16,135.85657370517927,
2016-08-17,135.85657370517927,
2016-08-18,124.7011952191235,
2016-08-19,121.51394422310757,
2016-08-22,123.30677290836651,
2016-08-23,121.71314741035857,
2016-08-24,120.91633466135458,
2016-08-25,122.31075697211153,
2016-08-26,123.30677290836651,
2016-08-29,124.30278884462152,
2016-08-30,124.1035856573705,
2016-08-31,125.2988047808765,
2016-09-01,123.50597609561753,
2016-09-02,120.7171314741036,
2016-09-05,121.31474103585656,
2016-09-06,121.11553784860556,
2016-09-07,121.11553784860556,
2016-09-08,121.51394422310757,
2016-09-09,120.5179282868526,
2016-09-12,118.92430278884463,
2016-09-13,116.93227091633467,
2016-09-14,115.9362549800797,
2016-09-19,118.92430278884463,
2016-09-20,117.33067729083663,
2016-09-21,117.33067729083663,
2016-09-22,117.52988047808763,
2016-09-23,116.93227091633467,
2016-09-26,115.9362549800797,
2016-09-27,117.92828685258965,
2016-09-28,116.53386454183266,
2016-09-29,118.12749003984062,
2016-09-30,120.7171314741036,
2016-10-10,120.5179282868526,
2016-10-11,120.5179282868526,
2016-10-12,121.71314741035857,
2016-10-13,120.7171314741036,
2016-10-14,120.5179282868526,
2016-10-17,119.3227091633466,
2016-10-18,120.31872509960158,
2016-10-19,122.70916334661355,
2016-10-20,123.10756972111551,
2016-10-21,123.10756972111551,
2016-10-24,120.11952191235058,
2016-10-25,118.92430278884463,
2016-10-26,115.53784860557768,
2016-10-27,115.73705179282867,
2016-10-28,115.13944223107569,
2016-10-31,116.33466135458166,
2016-11-01,115.33864541832668,
2016-11-02,113.74501992031871,
2016-11-03,112.74900398406373,
2016-11-04,113.14741035856572,
2016-11-07,116.33466135458166,
2016-11-08,119.3227091633466,
2016-11-09,115.13944223107569,
2016-11-10,113.54581673306771,
2016-11-11,113.74501992031871,
2016-11-14,109.96015936254979,
2016-11-15,111.15537848605577,
2016-11-16,114.5418326693227,
2016-11-17,115.9362549800797,
2016-11-18,114.3426294820717,
2016-11-21,114.9402390438247,
2016-11-22,115.33864541832668,
2016-11-23,118.12749003984062,
2016-11-24,117.92828685258965,
2016-11-25,116.93227091633467,
2016-11-28,115.9362549800797,
2016-11-29,118.52589641434261,
2016-11-30,120.5179282868526,
2016-12-01,121.91235059760956,
2016-12-02,121.71314741035857,
2016-12-05,118.72509960159363,
2016-12-06,117.72908366533865,
2016-12-07,117.72908366533865,
2016-12-08,119.7211155378486,
2016-12-09,116.53386454183266,
2016-12-12,113.54581673306771,
2016-12-13,113.74501992031871,
2016-12-14,118.12749003984062,
2016-12-15,115.9362549800797,
2016-12-16,113.14741035856572,
2016-12-19,112.15139442231074,
2016-12-20,112.74900398406373,
2016-12-21,114.5418326693227,
2016-12-22,112.94820717131473,
2016-12-23,111.15537848605577,
2016-12-26,111.15537848605577,
2016-12-27,111.15537848605577,
2016-12-28,110.15936254980079,
2016-12-29,109.5617529880478,
2016-12-30,110.75697211155378,
2017-01-03,114.5418326693227,
2017-01-04,111.55378486055776,
2017-01-05,113.54581673306771,
2017-01-06,110.95617529880477,
2017-01-09,110.55776892430278,
2017-01-10,112.15139442231074,
2017-01-11,110.75697211155378,
2017-01-12,108.56573705179282,
2017-01-13,106.17529880478087,
2017-01-16,103.98406374501991,
2017-01-17,105.77689243027888,
2017-01-18,108.96414342629481,
2017-01-19,111.55378486055776,
2017-01-20,111.15537848605577,
2017-01-23,110.95617529880477,
2017-01-24,108.36653386454182,
2017-01-25,106.57370517928287,
2017-01-26,107.76892430278883,
2017-02-03,102.98804780876493,
2017-02-06,104.7808764940239,
2017-02-07,104.9800796812749,
2017-02-08,109.7609561752988,
2017-02-09,110.75697211155378,
2017-02-10,108.76494023904382,
2017-02-13,108.16733067729083,
2017-02-14,109.5617529880478,
2017-02-15,111.75298804780876,
2017-02-16,114.1434262948207,
2017-02-17,109.7609561752988,
2017-02-20,111.95219123505976,
2017-02-21,110.95617529880477,
2017-02-22,113.54581673306771,
2017-02-23,113.94422310756973,
2017-02-24,113.14741035856572,
2017-02-27,111.95219123505976,
2017-02-28,110.75697211155378,
2017-03-01,111.95219123505976,
2017-03-02,115.9362549800797,
2017-03-03,116.73306772908364,
2017-03-06,117.52988047808763,
2017-03-07,115.73705179282867,
2017-03-08,116.33466135458166,
2017-03-09,117.33067729083663,
2017-03-10,115.9362549800797,
2017-03-13,116.53386454183266,
2017-03-14,117.52988047808763,
2017-03-15,125.69721115537848,
2017-03-16,126.69322709163346,
2017-03-17,127.88844621513944,
2017-03-20,127.88844621513944,
2017-03-21,127.68924302788842,
2017-03-22,127.09163346613546,
2017-03-23,128.08764940239044,
2017-03-24,127.09163346613546,
2017-03-27,122.90836653386454,
2017-03-28,125.09960159362548,
2017-03-29,123.30677290836651,
2017-03-30,123.50597609561753,
2017-03-31,125.2988047808765,
2017-04-05,127.88844621513944,
2017-04-06,128.4860557768924,
2017-04-07,128.6852589641434,
2017-04-10,127.49003984063745,
2017-04-11,129.4820717131474,
2017-04-12,130.27888446215138,
2017-04-13,129.28286852589642,
2017-04-14,129.28286852589642,
2017-04-17,129.28286852589642,
2017-04-18,127.68924302788842,
2017-04-19,128.6852589641434,
2017-04-20,128.08764940239044,
2017-04-21,128.28685258964143,
2017-04-24,129.4820717131474,
2017-04-25,130.4780876494024,
2017-04-26,132.07171314741035,
2017-04-27,133.06772908366534,
2017-04-28,133.06772908366534,
2017-05-02,138.0478087649402,
2017-05-03,138.0478087649402,
2017-05-04,137.45019920318725,
2017-05-05,136.85258964143426,
2017-05-08,140.6374501992032,
2017-05-09,142.62948207171314,
2017-05-10,140.6374501992032,
2017-05-11,138.84462151394422,
2017-05-12,138.84462151394422,
2017-05-15,138.44621513944222,
2017-05-16,138.44621513944222,
2017-05-17,142.23107569721117,
2017-05-18,138.6454183266932,
2017-05-19,137.64940239043824,
2017-05-22,139.84063745019918,
2017-05-23,139.4422310756972,
2017-05-24,138.24701195219126,
2017-05-25,139.84063745019918,
2017-05-26,141.63346613545815,
2017-05-31,146.81274900398407,
2017-06-01,145.01992031872507,
2017-06-02,145.01992031872507,
2017-06-05,145.21912350597609,
2017-06-06,144.22310756972112,
2017-06-07,145.61752988047806,
2017-06-08,144.42231075697208,
2017-06-09,144.6215139442231,
2017-06-12,143.42629482071712,
2017-06-13,145.21912350597609,
2017-06-14,144.8207171314741,
2017-06-15,144.42231075697208,
2017-06-16,143.42629482071712,
2017-06-19,144.6215139442231,
2017-06-20,144.22310756972112,
2017-06-21,143.6254980079681,
2017-06-22,145.01992031872507,
2017-06-23,142.43027888446213,
2017-06-26,143.02788844621512,
2017-06-27,144.42231075697208,
2017-06-28,142.82868525896416,
2017-06-29,141.83266932270917,
2017-06-30,143.02788844621512,
2017-07-03,144.42231075697208,
2017-07-04,143.82470119521912,
2017-07-05,142.03187250996015,
2017-07-06,143.02788844621512,
2017-07-07,145.41832669322707,
2017-07-10,145.41832669322707,
2017-07-11,143.82470119521912,
2017-07-12,142.62948207171314,
2017-07-13,144.42231075697208,
2017-07-14,145.21912350597609,
2017-07-17,149.20318725099602,
2017-07-18,148.40637450199205,
2017-07-19,148.40637450199205,
2017-07-20,146.61354581673305,
2017-07-21,143.6254980079681,
2017-07-24,142.03187250996015,
2017-07-25,145.81673306772907,
2017-07-26,144.22310756972112,
2017-07-27,140.8366533864542,
2017-07-28,136.65338645418325,
2017-07-31,138.44621513944222,
2017-08-01,139.0438247011952,
2017-08-02,135.85657370517927,
2017-08-03,134.6613545816733,
2017-08-04,135.85657370517927,
2017-08-07,139.24302788844622,
2017-08-08,138.84462151394422,
2017-08-09,136.25498007968127,
2017-08-10,136.25498007968127,
2017-08-11,133.86454183266932,
2017-08-14,137.84860557768923,
2017-08-15,137.45019920318725,
2017-08-16,140.0398406374502,
2017-08-17,153.5856573705179,
2017-08-18,150.199203187251,
2017-08-21,152.58964143426292,
2017-08-22,153.38645418326692,
2017-08-23,153.38645418326692,
2017-08-24,154.78087649402391,
2017-08-25,157.56972111553782,
2017-08-28,158.76494023904382,
2017-08-29,159.3625498007968,
2017-08-30,161.95219123505976,
2017-08-31,161.35458167330677,
2017-09-01,161.75298804780874,
2017-09-04,161.15537848605578,
2017-09-05,160.75697211155378,
2017-09-06,161.35458167330677,
2017-09-07,160.95617529880477,
2017-09-08,158.76494023904382,
2017-09-11,162.35059760956173,
2017-09-12,164.94023904382468,
2017-09-13,162.74900398406373,
2017-09-14,162.74900398406373,
2017-09-15,161.95219123505976,
2017-09-18,161.95219123505976,
2017-09-19,162.54980079681275,
2017-09-20,165.93625498007967,
2017-09-21,164.3426294820717,
2017-09-22,163.34661354581672,
2017-09-25,159.56175298804777,
2017-09-26,161.75298804780874,
2017-09-27,164.3426294820717,
2017-09-28,165.53784860557766,
2017-09-29,166.13545816733068,
2017-10-09,173.10756972111554,
2017-10-10,172.31075697211153,
2017-10-11,171.11553784860558,
2017-10-12,170.71713147410358,
2017-10-13,171.51394422310756,
2017-10-16,173.5059760956175,
2017-10-17,178.28685258964143,
2017-10-18,174.70119521912352,
2017-10-19,174.10358565737053,
2017-10-20,175.0996015936255,
2017-10-23,180.87649402390437,
2017-10-24,176.09561752988049,
2017-10-25,176.49402390438246,
2017-10-26,175.0996015936255,
2017-10-27,175.49800796812747,
2017-10-30,176.49402390438246,
2017-10-31,182.27091633466134,
2017-11-01,182.07171314741035,
2017-11-02,184.46215139442228,
2017-11-03,180.47808764940237,
2017-11-06,174.90039840637448,
2017-11-07,176.29482071713147,
2017-11-08,182.47011952191232,
2017-11-09,184.0637450199203,
2017-11-10,183.26693227091633,
2017-11-13,178.68525896414343,
2017-11-14,177.88844621513942,
2017-11-15,182.66932270916334,
2017-11-16,181.47410358565733,
2017-11-17,187.84860557768923,
2017-11-20,192.43027888446213,
2017-11-21,192.82868525896413,
2017-11-22,187.05179282868528,
2017-11-23,181.0756972111554,
2017-11-24,183.4661354581673,
2017-11-27,182.07171314741035,
2017-11-28,179.28286852589642,
2017-11-29,179.28286852589642,
2017-11-30,179.88047808764938,
2017-12-01,181.67330677290835,
2017-12-04,179.0836653386454,
2017-12-05,181.0756972111554,
2017-12-06,178.8844621513944,
2017-12-07,176.69322709163347,
2017-12-08,182.86852589641433,
2017-12-11,189.04382470119523,
2017-12-12,187.25099601593624,
2017-12-13,188.84462151394422,
2017-12-14,183.4661354581673,
2017-12-15,183.86454183266932,
2017-12-18,181.27490039840637,
2017-12-19,188.24701195219123,
2017-12-20,186.45418326693223,
2017-12-21,197.21115537848604,
2017-12-22,196.61354581673308,
2017-12-25,196.61354581673308,
2017-12-26,196.61354581673308,
2017-12-27,196.21513944223105,
2017-12-28,199.003984063745,
2017-12-29,202.98804780876495,
2018-01-02,208.5657370517928,
2018-01-03,209.1633466135458,
2018-01-04,205.37848605577688,
2018-01-05,205.1792828685259,
2018-01-08,205.1792828685259,
2018-01-09,204.9800796812749,
2018-01-10,208.36653386454182,
2018-01-11,202.39043824701196,
2018-01-12,198.00796812749005,
2018-01-15,195.81673306772907,
2018-01-16,196.41434262948206,
2018-01-17,199.203187250996,
2018-01-18,197.21115537848604,
2018-01-19,199.203187250996,
2018-01-22,204.18326693227093,
2018-01-23,202.78884462151393,
2018-01-24,197.21115537848604,
2018-01-25,196.21513944223105,
2018-01-26,199.80079681274898,
2018-01-29,205.1792828685259,
2018-01-30,203.58565737051794,
2018-01-31,207.56972111553785,
2018-02-01,203.18725099601593,
2018-02-02,198.40637450199202,
2018-02-05,197.01195219123505,
2018-02-06,184.0637450199203,
2018-02-07,183.66533864541833,
2018-02-08,188.44621513944222,
2018-02-09,184.0637450199203,
2018-02-12,185.25896414342628,
2018-02-13,188.44621513944222,
2018-02-14,190.83665338645417,
2018-02-22,195.21912350597609,
2018-02-23,197.21115537848604,
2018-02-26,194.42231075697208,
2018-02-27,197.21115537848604,
2018-02-28,195.6175298804781,
2018-03-01,194.42231075697208,
2018-03-02,190.0398406374502,
2018-03-05,183.26693227091633,
2018-03-06,185.85657370517927,
2018-03-07,178.8844621513944,
2018-03-08,190.6374501992032,
2018-03-09,191.83266932270914,
2018-03-12,199.601593625498,
2018-03-13,193.22709163346613,
2018-03-14,188.84462151394422,
2018-03-15,182.07171314741035,
2018-03-16,182.47011952191232,
2018-03-19,184.46215139442228,
2018-03-20,186.65338645418325,
2018-03-21,187.25099601593624,
2018-03-22,183.26693227091633,
2018-03-23,173.70517928286853,
2018-03-26,173.90438247011951,
2018-03-27,184.86055776892428,
2018-03-28,178.8844621513944,
2018-03-29,182.27091633466134,
2018-03-30,182.27091633466134,
2018-04-02,182.27091633466134,
2018-04-03,178.8844621513944,
2018-04-04,170.31872509960158,
2018-04-09,172.90836653386452,
2018-04-10,178.08764940239044,
2018-04-11,178.4860557768924,
2018-04-12,179.28286852589642,
2018-04-13,177.49003984063742,
2018-04-16,173.30677290836653,
2018-04-17,173.90438247011951,
2018-04-18,176.69322709163347,
2018-04-19,179.0836653386454,
2018-04-20,176.69322709163347,
2018-04-23,170.71713147410358,
2018-04-24,171.71314741035857,
2018-04-25,168.9243027888446,
2018-04-26,177.49003984063742,
2018-04-27,186.05577689243026,
2018-05-02,184.46215139442228,
2018-05-03,184.26294820717132,
2018-05-04,179.6812749003984,
2018-05-07,178.68525896414343,
2018-05-08,180.67729083665338,
2018-05-09,184.6613545816733,
2018-05-10,186.85258964143426,
2018-05-11,190.83665338645417,
2018-05-14,198.804780876494,
2018-05-15,196.61354581673308,
2018-05-16,193.62549800796813,
2018-05-17,192.43027888446213,
2018-05-18,192.03187250996018,
2018-05-21,195.81673306772907,
2018-05-22,195.81673306772907,
2018-05-23,195.0199203187251,
2018-05-24,193.42629482071712,
2018-05-25,195.6175298804781,
2018-05-28,194.82071713147408,
2018-05-29,194.2231075697211,
2018-05-30,187.45019920318725,
2018-05-31,187.45019920318725,
2018-06-01,187.64940239043824,
2018-06-04,190.83665338645417,
2018-06-05,188.44621513944222,
2018-06-06,188.24701195219123,
2018-06-07,188.6454183266932,
2018-06-08,184.0637450199203,
2018-06-11,186.45418326693223,
2018-06-12,186.05577689243026,
2018-06-13,187.64940239043824,
2018-06-14,188.24701195219123,
2018-06-15,185.0597609561753,
2018-06-19,178.08764940239044,
2018-06-20,175.89641434262947,
2018-06-21,173.70517928286853,
2018-06-22,175.49800796812747,
2018-06-25,172.31075697211153,
2018-06-26,173.90438247011951,
2018-06-27,171.71314741035857,
2018-06-28,166.53386454183266,
2018-06-29,174.30278884462152,
2018-07-02,174.30278884462152,
2018-07-03,176.29482071713147,
2018-07-04,172.90836653386452,
2018-07-05,168.9243027888446,
2018-07-06,173.10756972111554,
2018-07-09,179.0836653386454,
2018-07-10,174.50199203187248,
2018-07-11,173.70517928286853,
2018-07-12,166.33466135458167,
2018-07-13,171.11553784860558,
2018-07-16,170.71713147410358,
2018-07-17,168.32669322709162,
2018-07-18,169.12350597609563,
2018-07-19,167.52988047808765,
2018-07-20,170.51792828685257,
2018-07-23,174.50199203187248,
2018-07-24,174.50199203187248,
2018-07-25,176.29482071713147,
2018-07-26,172.50996015936252,
2018-07-27,173.30677290836653,
2018-07-30,175.29880478087648,
2018-07-31,174.10358565737053,
2018-08-01,174.50199203187248,
2018-08-02,173.30677290836653,
2018-08-03,169.92031872509958,
2018-08-06,173.30677290836653,
2018-08-07,174.70119521912352,
2018-08-08,170.31872509960158,
2018-08-09,173.10756972111554,
2018-08-10,168.12749003984064,
2018-08-13,166.93227091633466,
2018-08-14,157.96812749003982,
2018-08-15,161.35458167330677,
2018-08-16,178.68525896414343,
2018-08-17,183.86454183266932,
2018-08-20,186.85258964143426,
2018-08-21,190.23904382470118,
2018-08-22,193.02788844621514,
2018-08-23,188.84462151394422,
2018-08-24,188.44621513944222,
2018-08-27,190.23904382470118,
2018-08-28,191.23505976095615,
2018-08-29,191.43426294820716,
2018-08-30,193.62549800796813,
2018-08-31,191.23505976095615,
2018-09-03,191.63346613545815,
2018-09-04,191.83266932270914,
2018-09-05,190.0398406374502,
2018-09-06,189.84063745019918,
2018-09-07,189.2430278884462,
2018-09-10,187.25099601593624,
2018-09-11,189.2430278884462,
2018-09-12,190.43824701195217,
2018-09-13,197.60956175298804,
2018-09-14,198.40637450199202,
2018-09-17,199.003984063745,
2018-09-18,197.41035856573703,
2018-09-19,198.207171314741,
2018-09-20,200.0,
2018-09-21,197.80876494023903,
2018-09-25,192.62948207171314,
2018-09-26,198.00796812749005,
2018-09-27,197.80876494023903,
2018-09-28,199.203187250996,
2018-10-08,185.85657370517927,
2018-10-09,185.65737051792829,
2018-10-10,184.46215139442228,
2018-10-11,178.28685258964143,
2018-10-12,177.29083665338646,
2018-10-15,174.30278884462152,
2018-10-16,175.29880478087648,
2018-10-17,175.29880478087648,
2018-10-18,171.91235059760953,
2018-10-19,170.1195219123506,
2018-10-22,171.91235059760953,
2018-10-23,171.51394422310756,
2018-10-24,170.31872509960158,
2018-10-25,163.9442231075697,
2018-10-26,151.39442231075697,
2018-10-29,145.01992031872507,
2018-10-30,143.22709163346613,
2018-10-31,146.21513944223108,
2018-11-01,156.37450199203187,
2018-11-02,172.90836653386452,
2018-11-05,165.33864541832668,
2018-11-06,163.34661354581672,
2018-11-07,169.72111553784862,
2018-11-08,166.73306772908364,
2018-11-09,163.34661354581672,
2018-11-12,160.15936254980082,
2018-11-13,159.3625498007968,
2018-11-14,163.5458167330677,
2018-11-15,171.11553784860558,
2018-11-16,169.92031872509958,
2018-11-19,171.91235059760953,
2018-11-20,166.13545816733068,
2018-11-21,163.14741035856574,
2018-11-22,162.35059760956173,
2018-11-23,162.54980079681275,
2018-11-26,165.33864541832668,
2018-11-27,158.76494023904382,
2018-11-28,165.73705179282868,
2018-11-29,169.72111553784862,
2018-11-30,167.72908366533866,
2018-12-03,179.48207171314738,
2018-12-04,179.0836653386454,
2018-12-05,176.09561752988049,
2018-12-06,177.49003984063742,
2018-12-07,178.4860557768924,
2018-12-10,174.70119521912352,
2018-12-11,174.70119521912352,
2018-12-12,170.1195219123506,
2018-12-13,170.51792828685257,
2018-12-14,168.9243027888446,
2018-12-17,165.53784860557766,
2018-12-18,163.34661354581672,
2018-12-19,167.33067729083663,
2018-12-20,166.53386454183266,
2018-12-21,162.54980079681275,
2018-12-24,158.5657370517928,
2018-12-25,158.5657370517928,
2018-12-26,158.5657370517928,
2018-12-27,159.56175298804777,
2018-12-28,162.15139442231077,
2019-01-02,163.74501992031873,
2019-01-03,163.34661354581672,
2019-01-04,164.94023904382468,
2019-01-07,167.33067729083663,
2019-01-08,169.12350597609563,
2019-01-09,176.49402390438246,
2019-01-10,176.89243027888443,
2019-01-11,183.26693227091633,
2019-01-14,177.68924302788844,
2019-01-15,179.0836653386454,
2019-01-16,183.26693227091633,
2019-01-17,179.48207171314738,
2019-01-18,185.0597609561753,
2019-01-21,186.25498007968127,
2019-01-22,185.85657370517927,
2019-01-23,175.69721115537848,
2019-01-24,170.91633466135457,
2019-01-25,177.49003984063742,
2019-01-28,180.47808764940237,
2019-01-29,179.0836653386454,
2019-01-30,182.47011952191232,
2019-01-31,181.0756972111554,
2019-02-01,182.66932270916334,
2019-02-11,187.45019920318725,
2019-02-12,190.6374501992032,
2019-02-13,196.0159362549801,
2019-02-14,193.22709163346613,
2019-02-15,187.25099601593624,
2019-02-18,194.42231075697208,
2019-02-19,189.04382470119523,
2019-02-20,189.4422310756972,
2019-02-21,194.2231075697211,
2019-02-22,189.6414342629482,
2019-02-25,202.19123505976094,
2019-02-26,208.36653386454182,
2019-02-27,205.1792828685259,
2019-02-28,208.9641434262948,
2019-03-01,210.5577689243028,
2019-03-04,209.1633466135458,
2019-03-05,209.9601593625498,
2019-03-06,212.54980079681275,
2019-03-07,207.56972111553785,
2019-03-08,205.1792828685259,
2019-03-11,202.19123505976094,
2019-03-12,206.77290836653387,
2019-03-13,204.18326693227093,
2019-03-14,201.19521912350598,
2019-03-15,202.19123505976094,
2019-03-18,202.78884462151393,
2019-03-19,203.9840637450199,
2019-03-20,203.58565737051794,
2019-03-21,200.39840637450195,
2019-03-22,201.99203187250995,
2019-03-25,199.003984063745,
2019-03-26,202.98804780876495,
2019-03-27,204.3824701195219,
2019-03-28,207.56972111553785,
2019-03-29,210.1593625498008,
2019-04-01,215.73705179282868,
2019-04-02,222.70916334661354,
2019-04-03,223.90438247011951,
2019-04-04,227.09163346613542,
2019-04-08,225.49800796812747,
2019-04-09,225.09960159362547,
2019-04-10,230.47808764940237,
2019-04-11,228.6852589641434,
2019-04-12,230.47808764940237,
2019-04-15,231.8725099601594,
2019-04-16,230.07968127490037,
2019-04-17,228.2868525896414,
2019-04-18,232.07171314741032,
2019-04-19,232.07171314741032,
2019-04-22,232.07171314741032,
2019-04-23,229.8804780876494,
2019-04-24,231.07569721115536,
2019-04-25,235.4581673306773,
2019-04-26,228.6852589641434,
2019-04-29,226.8924302788845,
2019-04-30,225.89641434262947,
2019-05-06,220.31872509960158,
2019-05-07,222.70916334661354,
2019-05-08,212.94820717131472,
2019-05-09,207.17131474103584,
2019-05-10,208.36653386454182,
2019-05-13,208.36653386454182,
2019-05-14,200.79681274900398,
2019-05-15,204.3824701195219,
2019-05-16,204.18326693227093,
2019-05-17,199.80079681274898,
2019-05-20,200.0,
2019-05-21,196.81274900398404,
2019-05-22,200.597609561753,
2019-05-23,193.42629482071712,
2019-05-24,199.203187250996,
2019-05-27,200.597609561753,
2019-05-28,204.18326693227093,
2019-05-29,200.79681274900398,
2019-05-30,198.60557768924303,
2019-05-31,199.203187250996,
2019-06-03,201.19521912350598,
2019-06-04,198.40637450199202,
2019-06-05,206.17529880478088,
2019-06-06,206.77290836653387,
2019-06-10,211.55378486055776,
2019-06-11,215.93625498007967,
2019-06-12,217.13147410358565,
2019-06-13,218.5258964143426,
2019-06-14,220.31872509960158,
2019-06-17,219.7211155378486,
2019-06-18,225.69721115537845,
2019-06-19,236.4541832669323,
2019-06-20,233.2669322709163,
2019-06-21,230.8764940239044,
2019-06-24,231.07569721115536,
2019-06-25,229.6812749003984,
2019-06-26,232.86852589641435,
2019-06-27,239.04382470119518,
2019-06-28,238.2470119521912,
2019-07-01,238.2470119521912,
2019-07-02,244.8207171314741,
2019-07-03,243.42629482071715,
2019-07-04,242.03187250996018,
2019-07-05,245.4183266932271,
2019-07-08,239.04382470119518,
2019-07-09,234.2629482071713,
2019-07-10,233.4661354581673,
2019-07-11,235.4581673306773,
2019-07-12,232.86852589641435,
2019-07-15,234.06374501992028,
2019-07-16,237.2509960159362,
2019-07-17,240.03984063745017,
2019-07-18,238.44621513944224,
2019-07-19,241.0358565737052,
2019-07-22,236.05577689243026,
2019-07-23,237.05179282868522,
2019-07-24,243.82470119521912,
2019-07-25,243.02788844621514,
2019-07-26,243.02788844621514,
2019-07-29,237.05179282868522,
2019-07-30,237.05179282868522,
2019-07-31,234.46215139442234,
2019-08-01,232.47011952191232,
2019-08-02,218.9243027888446,
2019-08-05,210.1593625498008,
2019-08-06,212.54980079681275,
2019-08-07,211.15537848605578,
2019-08-08,219.7211155378486,
2019-08-09,219.7211155378486,
2019-08-12,219.5219123505976,
2019-08-13,214.7410358565737,
2019-08-14,218.9243027888446,
2019-08-15,212.35059760956173,
2019-08-16,214.7410358565737,
2019-08-19,224.90039840637448,
2019-08-20,222.90836653386452,
2019-08-21,221.51394422310756,
2019-08-22,221.71314741035854,
2019-08-23,219.92031872509958,
2019-08-26,212.35059760956173,
2019-08-27,217.52988047808765,
2019-08-28,212.54980079681275,
2019-08-29,212.35059760956173,
2019-08-30,215.93625498007967,
2019-09-02,218.9243027888446,
2019-09-03,217.92828685258962,
2019-09-04,226.09561752988046,
2019-09-05,229.8804780876494,
2019-09-06,230.67729083665336,
2019-09-09,224.50199203187248,
2019-09-10,218.9243027888446,
2019-09-11,219.5219123505976,
2019-09-12,228.2868525896414,
2019-09-16,229.8804780876494,
2019-09-17,222.31075697211153,
2019-09-18,221.11553784860556,
2019-09-19,216.53386454183266,
2019-09-20,215.1394422310757,
2019-09-23,215.53784860557766,
2019-09-24,212.94820717131472,
2019-09-25,208.9641434262948,
2019-09-26,213.34661354581672,
2019-09-27,219.92031872509958,
2019-09-30,217.33067729083663,
2019-10-08,209.5617529880478,
2019-10-09,205.77689243027888,
2019-10-10,205.1792828685259,
2019-10-11,218.1274900398406,
2019-10-14,227.29083665338644,
2019-10-15,229.8804780876494,
2019-10-16,231.8725099601594,
2019-10-17,230.27888446215138,
2019-10-18,231.8725099601594,
2019-10-21,225.49800796812747,
2019-10-22,231.07569721115536,
2019-10-23,227.29083665338644,
2019-10-24,226.8924302788845,
2019-10-25,226.49402390438246,
2019-10-28,233.4661354581673,
2019-10-29,233.0677290836653,
2019-10-30,231.8725099601594,
2019-10-31,245.0199203187251,
2019-11-01,245.0199203187251,
2019-11-04,249.402390438247,
2019-11-05,250.19920318725096,
2019-11-06,248.80478087649402,
2019-11-07,248.40637450199205,
2019-11-08,249.601593625498,
2019-11-11,241.63346613545812,
2019-11-12,241.83266932270917,
2019-11-13,235.05976095617527,
2019-11-14,234.8605577689243,
2019-11-15,234.06374501992028,
2019-11-18,238.0478087649402,
2019-11-19,245.21912350597606,
2019-11-20,240.63745019920316,
2019-11-21,236.05577689243026,
2019-11-22,235.8565737051793,
2019-11-25,239.04382470119518,
2019-11-26,241.0358565737052,
2019-11-27,247.41035856573706,
2019-11-28,234.8605577689243,
2019-11-29,234.46215139442234,
2019-12-02,239.04382470119518,
2019-12-03,239.8406374501992,
2019-12-04,232.86852589641435,
2019-12-05,238.2470119521912,
2019-12-06,242.82868525896416,
2019-12-09,241.23505976095615,
2019-12-10,239.04382470119518,
2019-12-11,239.04382470119518,
2019-12-12,242.82868525896416,
2019-12-13,252.78884462151393,
2019-12-16,250.398406374502,
2019-12-17,253.18725099601588,
2019-12-18,251.39442231075697,
2019-12-19,249.402390438247,
2019-12-20,249.800796812749,
2019-12-23,249.003984063745,
2019-12-24,247.80876494023906,
2019-12-25,247.80876494023906,
2019-12-26,247.80876494023906,
2019-12-27,250.996015936255,
2019-12-30,255.77689243027888,
2019-12-31,253.18725099601588,
2020-01-02,257.9681274900398,
2020-01-03,257.76892430278883,
2020-01-06,253.9840637450199,
2020-01-07,254.5816733067729,
2020-01-08,249.003984063745,
2020-01-09,253.18725099601588,
2020-01-10,252.39043824701196,
2020-01-13,255.97609561752986,
2020-01-14,253.78486055776892,
2020-01-15,255.97609561752986,
2020-01-16,262.74900398406373,
2020-01-17,268.1274900398406,
2020-01-20,263.7450199203187,
2020-01-21,256.9721115537848,
2020-01-22,265.3386454183266,
2020-01-23,262.9482071713147,
2020-02-03,250.0,
2020-02-04,255.5776892430279,
2020-02-05,257.56972111553785,
2020-02-06,268.7250996015936,
2020-02-07,264.7410358565737,
2020-02-10,260.1593625498008,
2020-02-11,268.3266932270916,
2020-02-12,277.49003984063745,
2020-02-13,275.69721115537845,
2020-02-14,282.47011952191235,
2020-02-17,277.2908366533864,
2020-02-18,271.71314741035854,
2020-02-19,275.4980079681275,
2020-02-20,278.8844621513944,
2020-02-21,278.0876494023904,
2020-02-24,270.3187250996016,
2020-02-25,273.7051792828685,
2020-02-26,269.52191235059763,
2020-02-27,266.93227091633463,
2020-02-28,251.19521912350592,
2020-03-02,256.57370517928285,
2020-03-03,256.9721115537848,
2020-03-04,260.55776892430276,
2020-03-05,268.9243027888446,
2020-03-06,249.003984063745,
2020-03-09,243.2270916334661,
2020-03-10,252.58964143426294,
2020-03-11,244.02390438247014,
2020-03-12,220.71713147410355,
2020-03-13,221.31474103585654,
2020-03-16,200.0,
2020-03-17,206.17529880478088,
2020-03-18,188.84462151394422,
2020-03-19,197.41035856573703,
2020-03-20,194.42231075697208,
2020-03-23,169.12350597609563,
2020-03-24,185.65737051792829,
2020-03-25,203.38645418326692,
2020-03-26,196.41434262948206,
2020-03-27,199.40239043824698,
2020-03-30,194.82071713147408,
2020-03-31,200.39840637450195,
2020-04-01,197.01195219123505,
2020-04-02,191.0358565737052,
2020-04-03,192.82868525896413,
2020-04-07,214.1434262948207,
2020-04-08,219.1235059760956,
2020-04-09,226.49402390438246,
2020-04-10,226.49402390438246,
2020-04-13,226.49402390438246,
2020-04-14,228.2868525896414,
2020-04-15,230.07968127490037,
2020-04-16,225.49800796812747,
2020-04-17,230.07968127490037,
2020-04-20,227.49003984063742,
2020-04-21,219.1235059760956,
2020-04-22,221.51394422310756,
2020-04-23,226.8924302788845,
2020-04-24,224.90039840637448,
2020-04-27,231.07569721115536,
2020-04-28,236.4541832669323,
2020-04-29,235.25896414342625,
2020-04-30,235.25896414342625,
2020-05-06,256.1752988047809,
2020-05-07,254.78087649402391,
2020-05-08,258.56573705179284,
2020-05-11,265.1394422310757,
2020-05-12,259.9601593625498,
2020-05-13,261.95219123505973,
2020-05-14,254.18326693227093,
2020-05-15,254.9800796812749,
2020-05-18,260.1593625498008,
2020-05-19,270.91633466135454,
2020-05-20,270.3187250996016,
2020-05-21,266.73306772908364,
2020-05-22,260.75697211155375,
2020-05-25,270.91633466135454,
2020-05-26,273.3067729083665,
2020-05-27,274.9003984063745,
2020-05-28,270.1195219123506,
2020-05-29,265.73705179282865,
2020-06-01,274.9003984063745,
2020-06-02,280.2788844621514,
2020-06-03,286.45418326693226,
2020-06-04,283.8645418326693,
2020-06-05,293.42629482071715,
2020-06-08,296.61354581673305,
2020-06-09,298.804780876494,
2020-06-10,296.01593625498003,
2020-06-11,290.6374501992032,
2020-06-12,294.6215139442231,
2020-06-15,280.2788844621514,
2020-06-16,295.8167330677291,
2020-06-17,302.9880478087649,
2020-06-18,303.7848605577689,
2020-06-19,311.1553784860557,
2020-06-22,301.39442231075697,
2020-06-23,306.77290836653384,
2020-06-24,301.9920318725099,
2020-06-29,304.3824701195219,
2020-06-30,301.9920318725099,
2020-07-01,301.9920318725099,
2020-07-02,301.1952191235059,
2020-07-03,305.57768924302786,
2020-07-06,319.5219123505976,
2020-07-07,311.1553784860557,
2020-07-08,313.7450199203187,
2020-07-09,314.5418326693227,
2020-07-10,316.73306772908364,
2020-07-13,323.5059760956175,
2020-07-14,321.91235059760953,
2020-07-15,331.07569721115533,
2020-07-16,322.1115537848605,
2020-07-17,336.2549800796813,
2020-07-20,326.0956175298804,
2020-07-21,342.6294820717131,
2020-07-22,334.26294820717135,
2020-07-23,341.83266932270914,
2020-07-24,327.0916334661354,
2020-07-27,322.1115537848605,
2020-07-28,329.4820717131474,
2020-07-29,326.69322709163345,
2020-07-30,326.49402390438246,
2020-07-31,322.50996015936255,
2020-08-03,321.71314741035854,
2020-08-04,344.0239043824701,
2020-08-05,341.63346613545815,
2020-08-06,338.44621513944224,
2020-08-07,334.86055776892425,
2020-08-10,334.26294820717135,
2020-08-11,345.61752988047806,
2020-08-12,339.24302788844625,
2020-08-13,376.2948207171315,
2020-08-14,374.5019920318725,
2020-08-17,376.89243027888443,
2020-08-18,377.0916334661355,
2020-08-19,368.52589641434264,
2020-08-20,372.1115537848605,
2020-08-21,381.67330677290835,
2020-08-24,387.25099601593627,
2020-08-25,390.63745019920316,
2020-08-26,385.85657370517924,
2020-08-27,389.84063745019915,
2020-08-28,401.195219123506,
2020-08-31,392.0318725099602,
2020-09-01,389.64143426294817,
2020-09-02,388.6454183266932,
2020-09-03,388.84462151394416,
2020-09-04,380.87649402390434,
2020-09-07,378.4860557768924,
2020-09-08,373.1075697211155,
2020-09-09,378.08764940239047,
2020-09-10,376.0956175298805,
2020-09-11,388.24701195219126,
2020-09-14,404.3824701195219,
2020-09-15,410.3585657370518,
2020-09-16,412.74900398406373,
2020-09-17,400.0,
2020-09-18,398.406374501992,
2020-09-21,394.4223107569721,
2020-09-22,390.43824701195217,
2020-09-23,398.80478087649396,
2020-09-24,390.43824701195217,
2020-09-25,396.0159362549801,
2020-09-28,395.81673306772905,
2020-09-29,398.406374501992,
2020-09-30,404.7808764940239,
2020-10-09,423.5059760956175,
2020-10-12,426.69322709163345,
2020-10-13,426.69322709163345,
2020-10-14,418.3266932270916,
2020-10-15,417.1314741035856,
2020-10-16,419.9203187250996,
2020-10-19,418.3266932270916,
2020-10-20,426.2948207171315,
2020-10-21,427.8884462151394,
2020-10-22,424.70119521912346,
2020-10-23,423.1075697211155,
2020-10-26,423.1075697211155,
2020-10-27,413.9442231075697,
2020-10-28,409.1633466135458,
2020-10-29,418.3266932270916,
2020-10-30,411.95219123505973,
2020-11-02,432.2709163346613,
2020-11-03,428.2868525896414,
2020-11-04,436.2549800796812,
2020-11-05,457.7689243027889,
2020-11-06,450.19920318725093,
2020-11-09,441.4342629482071,
2020-11-10,398.20717131474106,
2020-11-11,388.24701195219126,
2020-11-12,400.7968127490039,
2020-11-13,404.7808764940239,
2020-11-16,418.3266932270916,
2020-11-17,404.3824701195219,
2020-11-18,407.56972111553785,
2020-11-19,416.33466135458167,
2020-11-20,430.2788844621514,
2020-11-23,427.8884462151394,
2020-11-24,428.2868525896414,
2020-11-25,407.17131474103587,
2020-11-26,405.57768924302786,
2020-11-27,403.1872509960159,
2020-11-30,395.81673306772905,
2020-12-01,395.2191235059761,
2020-12-02,394.4223107569721,
2020-12-03,383.2669322709163,
2020-12-04,384.66135458167327,
2020-12-07,385.2589641434263,
2020-12-08,387.8486055776892,
2020-12-09,395.81673306772905,
2020-12-10,410.3585657370518,
2020-12-11,412.35059760956176,
2020-12-14,412.35059760956176,
2020-12-15,397.609561752988,
2020-12-16,417.9282868525896,
2020-12-17,425.49800796812747,
2020-12-18,427.8884462151394,
2020-12-21,426.2948207171315,
2020-12-22,420.3187250996016,
2020-12-23,433.4661354581673,
2020-12-24,430.2788844621514,
2020-12-25,430.2788844621514,
2020-12-28,433.0677290836653,
2020-12-29,433.0677290836653,
2020-12-30,451.79282868525894,
2020-12-31,440.63745019920316,
2021-01-04,455.3784860557768,
2021-01-05,457.7689243027889,
2021-01-06,454.18326693227084,
2021-01-07,456.5737051792828,
2021-01-08,478.4860557768924,
2021-01-11,462.1513944223107,
2021-01-12,470.11952191235054,
2021-01-13,473.3067729083665,
2021-01-14,446.215139442231,
2021-01-15,437.0517928286852,
2021-01-18,460.55776892430276,
2021-01-19,469.32270916334653,
2021-01-20,472.1115537848605,
2021-01-21,481.2749003984063,
2021-01-22,484.4621513944222,
2021-01-25,505.1792828685259,
2021-01-26,480.07968127490034,
2021-01-27,489.6414342629482,
2021-01-28,452.5896414342629,
2021-01-29,465.3386454183266,
2021-02-01,489.24302788844614,
2021-02-02,478.08764940239035,
2021-02-03,465.3386454183266,
2021-02-04,466.5338645418326,
2021-02-05,486.0557768924303,
2021-02-08,503.58565737051794,
2021-02-09,489.24302788844614,
2021-02-10,492.82868525896413,
2021-02-18,512.3505976095618,
2021-02-19,507.9681274900398,
2021-02-22,493.22709163346605,
2021-02-23,511.1553784860558,
2021-02-24,486.8525896414343,
2021-02-25,492.0318725099602,
2021-02-26,471.7131474103586,
2021-03-01,485.2589641434262,
2021-03-02,502.78884462151393,
2021-03-03,510.3585657370518,
2021-03-04,483.66533864541833,
2021-03-05,468.5258964143426,
2021-03-08,450.99601593625493,
2021-03-09,478.08764940239035,
2021-03-10,477.68924302788844,
2021-03-11,506.37450199203175,
2021-03-12,508.7649402390438,
2021-03-15,511.1553784860558,
2021-03-16,537.8486055776892,
2021-03-17,535.8565737051792,
2021-03-18,534.6613545816732,
2021-03-19,522.3107569721116,
2021-03-22,503.1872509960159,
2021-03-23,501.99203187251,
2021-03-24,494.0239043824701,
2021-03-25,504.3824701195218,
2021-03-26,521.9123505976096,
2021-03-29,514.7410358565736,
2021-03-30,520.7171314741034,
2021-03-31,529.8804780876494,
2021-04-01,535.8565737051792,
2021-04-02,535.8565737051792,
2021-04-06,535.8565737051792,
2021-04-07,533.4661354581673,
2021-04-08,563.3466135458168,
2021-04-09,553.7848605577689,
2021-04-12,543.8247011952191,
2021-04-13,542.6294820717131,
2021-04-14,556.1752988047808,
2021-04-15,552.1912350597609,
2021-04-16,548.207171314741,
2021-04-19,552.988047808765,
2021-04-20,557.3705179282867,
2021-04-21,554.1832669322708,
2021-04-22,566.9322709163347,
2021-04-23,581.2749003984064,
2021-04-26,573.3067729083666,
2021-04-27,569.3227091633466,
2021-04-28,569.7211155378485,
2021-04-29,582.8685258964143,
2021-04-30,564.1434262948206,
2021-05-06,585.2589641434263,
2021-05-07,594.8207171314741,
2021-05-10,598.0079681274899,
2021-05-11,583.2669322709163,
2021-05-12,592.0318725099601,
2021-05-13,535.8565737051792,
2021-05-14,551.3944223107569,
2021-05-17,535.8565737051792,
2021-05-18,546.215139442231,
2021-05-19,546.215139442231,
2021-05-20,536.2549800796812,
2021-05-21,541.4342629482071,
2021-05-24,559.3625498007967,
2021-05-25,564.9402390438247,
2021-05-26,574.9003984063745,
2021-05-27,584.0637450199202,
2021-05-28,582.8685258964143,
2021-05-31,570.9163346613547,
2021-06-01,578.0876494023904,
2021-06-02,560.5577689243028,
2021-06-03,550.597609561753,
2021-06-04,540.2390438247012,
2021-06-07,540.6374501992032,
2021-06-08,542.6294820717131,
2021-06-09,540.6374501992032,
2021-06-10,544.223107569721,
2021-06-11,560.5577689243028,
2021-06-15,541.0358565737052,
2021-06-16,543.8247011952191,
2021-06-17,547.0119521912351,
2021-06-18,552.1912350597609,
2021-06-21,525.8964143426294,
2021-06-22,541.0358565737052,
2021-06-23,537.8486055776892,
2021-06-24,527.0916334661355,
2021-06-25,544.6215139442231,
2021-06-28,541.4342629482071,
2021-06-29,537.4501992031873,
2021-06-30,540.2390438247012,
2021-07-01,540.2390438247012,
2021-07-02,533.0677290836654,
2021-07-05,539.8406374501992,
2021-07-06,530.6772908366532,
2021-07-07,533.8645418326693,
2021-07-08,512.7490039840636,
2021-07-09,523.1075697211155,
2021-07-12,539.0438247011953,
2021-07-13,541.0358565737052,
2021-07-14,533.8645418326693,
2021-07-15,535.4581673306773,
2021-07-16,537.8486055776892,
2021-07-19,529.8804780876494,
2021-07-20,524.3027888446215,
2021-07-21,517.9282868525896,
2021-07-22,545.0199203187251,
2021-07-23,531.8725099601593,
2021-07-26,524.7011952191234,
2021-07-27,519.9203187250996,
2021-07-28,543.8247011952191,
2021-07-29,541.4342629482071,
2021-07-30,553.3864541832669,
2021-08-02,567.7290836653386,
2021-08-03,567.7290836653386,
2021-08-04,590.4382470119521,
2021-08-05,592.8286852589641,
2021-08-06,583.6653386454183,
2021-08-09,588.8446215139443,
2021-08-10,578.8844621513945,
2021-08-11,577.6892430278883,
2021-08-12,644.6215139442231,
2021-08-13,660.5577689243029,
2021-08-16,684.8605577689243,
2021-08-17,688.4462151394422,
2021-08-18,652.1912350597609,
2021-08-19,660.5577689243029,
2021-08-20,643.0278884462151,
2021-08-23,664.5418326693227,
2021-08-24,665.3386454183267,
2021-08-25,659.7609561752987,
2021-08-26,656.1752988047808,
2021-08-27,673.7051792828685,
2021-08-30,684.4621513944223,
2021-08-31,687.2509960159362,
2021-09-01,677.2908366533864,
2021-09-02,683.2669322709163,
2021-09-03,692.8286852589641,
2021-09-06,694.8207171314741,
2021-09-07,692.4302788844622,
2021-09-08,656.5737051792829,
2021-09-09,661.7529880478087,
2021-09-10,666.5338645418327,
2021-09-13,670.9163346613547,
2021-09-14,664.5418326693227,
2021-09-15,650.5976095617531,
2021-09-16,643.4262948207171,
2021-09-17,638.2470119521911,
2021-09-22,630.6772908366534,
2021-09-23,634.2629482071712,
2021-09-24,633.4661354581673,
2021-09-27,619.5219123505976,
2021-09-28,609.5617529880478,
2021-09-29,618.7250996015936,
2021-09-30,617.9282868525896,
2021-10-08,600.796812749004,
2021-10-11,589.2430278884462,
2021-10-12,592.0318725099601,
2021-10-13,592.0318725099601,
2021-10-14,592.0318725099601,
2021-10-15,619.9203187250996,
2021-10-18,619.9203187250996,
2021-10-19,642.2310756972112,
2021-10-20,641.4342629482071,
2021-10-21,615.5378486055777,
2021-10-22,620.7171314741036,
2021-10-25,634.2629482071712,
2021-10-26,650.9960159362549,
2021-10-27,639.0438247011951,
2021-10-28,639.8406374501992,
2021-10-29,637.8486055776892,
2021-11-01,641.0358565737051,
2021-11-02,641.8326693227091,
2021-11-03,633.0677290836653,
2021-11-04,632.6693227091633,
2021-11-05,633.8645418326693,
2021-11-08,627.4900398406375,
2021-11-09,642.2310756972112,
2021-11-10,669.3227091633465,
2021-11-11,655.7768924302788,
2021-11-12,652.589641434263,
2021-11-15,673.7051792828685,
2021-11-16,656.5737051792829,
2021-11-17,680.4780876494024,
2021-11-18,690.4382470119522,
2021-11-19,678.8844621513945,
2021-11-22,685.2589641434262,
2021-11-23,662.1513944223107,
2021-11-24,656.9721115537848,
2021-11-25,660.1593625498008,
2021-11-26,648.207171314741,
2021-11-29,656.1752988047808,
2021-11-30,641.0358565737051,
2021-12-01,666.5338645418327,
2021-12-02,667.7290836653386,
2021-12-03,684.4621513944223,
2021-12-06,660.1593625498008,
2021-12-07,659.7609561752987,
2021-12-08,666.9322709163346,
2021-12-09,679.2828685258963,
2021-12-10,664.5418326693227,
2021-12-13,668.9243027888447,
2021-12-14,651.3944223107569,
2021-12-15,647.410358565737,
2021-12-16,660.1593625498008,
2021-12-17,623.1075697211155,
2021-12-20,612.3505976095616,
2021-12-21,613.9442231075697,
2021-12-22,611.1553784860557,
2021-12-23,610.7569721115538,
2021-12-24,616.7330677290837,
2021-12-27,616.7330677290837,
2021-12-28,605.9760956175298,
2021-12-29,606.3745019920318,
2021-12-30,617.1314741035857,
2021-12-31,618.3266932270915,
2022-01-04,605.1792828685259,
2022-01-05,596.8127490039841,
2022-01-06,604.7808764940239,
2022-01-07,583.6653386454183,
2022-01-10,553.7848605577689,
2022-01-11,568.1274900398406,
2022-01-12,566.5338645418326,
2022-01-13,563.7450199203187,
2022-01-14,555.3784860557769,
2022-01-17,549.4023904382469,
2022-01-18,547.808764940239,
2022-01-19,530.6772908366532,
2022-01-20,541.8326693227091,
2022-01-21,537.8486055776892,
2022-01-24,529.8804780876494,
2022-01-25,537.4501992031873,
2022-01-26,521.5139442231075,
2022-01-27,523.1075697211155,
2022-01-28,503.58565737051794,
2022-02-07,549.0039840637451,
2022-02-08,529.8804780876494,
2022-02-09,538.6454183266932,
2022-02-10,544.223107569721,
2022-02-11,535.8565737051792,
2022-02-14,531.4741035856573,
2022-02-15,538.6454183266932,
2022-02-16,541.0358565737052,
2022-02-17,550.996015936255,
2022-02-18,529.8804780876494,
2022-02-21,542.6294820717131,
2022-02-22,523.5059760956175,
2022-02-23,499.203187250996,
2022-02-24,497.21115537848607,
2022-02-25,517.9282868525896,
2022-02-28,519.9203187250996,
2022-03-01,513.1474103585657,
2022-03-02,497.21115537848607,
2022-03-03,542.2310756972112,
2022-03-04,516.7330677290836,
2022-03-07,498.40637450199193,
2022-03-08,509.56175298804783,
2022-03-09,502.78884462151393,
2022-03-10,516.3346613545816,
2022-03-11,511.95219123505973,
2022-03-14,482.0717131474104,
2022-03-15,450.59760956175296,
2022-03-16,477.2908366533864,
2022-03-17,527.8884462151394,
2022-03-18,529.0836653386453,
2022-03-21,518.3266932270916,
2022-03-22,522.3107569721116,
2022-03-23,522.3107569721116,
2022-03-24,517.9282868525896,
2022-03-25,499.203187250996,
2022-03-28,494.0239043824701,
2022-03-29,504.7808764940239,
2022-03-30,515.9362549800796,
2022-03-31,505.57768924302786,
2022-04-01,495.2191235059761,
2022-04-06,461.7529880478088,
2022-04-07,446.61354581673305,
2022-04-08,458.1673306772908,
2022-04-11,438.6454183266932,
2022-04-12,437.0517928286852,
2022-04-13,440.63745019920316,
2022-04-14,442.2310756972111,
2022-04-15,442.2310756972111,
2022-04-18,442.2310756972111,
2022-04-19,445.4183266932271,
2022-04-20,451.79282868525894,
2022-04-21,457.3705179282868,
2022-04-22,449.402390438247,
2022-04-25,414.7410358565737,
2022-04-26,438.6454183266932,
2022-04-27,434.2629482071713,
2022-04-28,424.70119521912346,
2022-04-29,423.9043824701195,
2022-05-05,410.75697211155375,
2022-05-06,377.0916334661355,
2022-05-09,377.0916334661355,
2022-05-10,396.81274900398404,
2022-05-11,392.82868525896413,
2022-05-12,378.8844621513944,
2022-05-13,398.80478087649396,
2022-05-16,402.39043824701196,
2022-05-17,405.57768924302786,
2022-05-18,424.70119521912346,
2022-05-19,393.0278884462152,
2022-05-20,390.63745019920316,
2022-05-23,397.80876494023903,
2022-05-24,376.0956175298805,
2022-05-25,375.69721115537845,
2022-05-26,376.49402390438246,
2022-05-27,398.80478087649396,
2022-05-30,413.1474103585657,
2022-05-31,409.56175298804783,
2022-06-01,405.9760956175299,
2022-06-02,396.81274900398404,
2022-06-06,405.1792828685259,
2022-06-07,402.78884462151393,
2022-06-08,401.195219123506,
2022-06-09,400.0,
2022-06-10,409.1633466135458,
2022-06-13,383.2669322709163,
2022-06-14,371.31474103585657,
2022-06-15,354.5816733067729,
2022-06-16,341.2350597609562,
2022-06-17,330.47808764940237,
2022-06-20,321.91235059760953,
2022-06-21,329.88047808764935,
2022-06-22,324.70119521912346,
2022-06-23,325.0996015936255,
2022-06-24,337.25099601593627,
2022-06-27,344.2231075697211,
2022-06-28,348.00796812749,
2022-06-29,325.29880478087654,
2022-06-30,326.0956175298804,
2022-07-01,326.0956175298804,
2022-07-04,339.64143426294817,
2022-07-05,346.61354581673305,
2022-07-06,348.80478087649396,
2022-07-07,350.398406374502,
2022-07-08,354.3824701195219,
2022-07-11,343.82470119521906,
2022-07-12,338.84462151394416,
2022-07-13,338.84462151394416,
2022-07-14,339.44223107569724,
2022-07-15,328.8844621513944,
2022-07-18,349.40239043824704,
2022-07-19,338.0478087649402,
2022-07-20,362.35059760956176,
2022-07-21,370.91633466135454,
2022-07-22,361.95219123505973,
2022-07-25,361.35458167330677,
2022-07-26,355.77689243027885,
2022-07-27,353.78486055776887,
2022-07-28,363.94422310756966,
2022-07-29,346.81274900398404,
2022-08-01,346.61354581673305,
2022-08-02,348.40637450199205,
2022-08-03,347.011952191235,
2022-08-04,359.56175298804783,
2022-08-05,374.5019920318725,
2022-08-08,369.3227091633466,
2022-08-09,357.7689243027888,
2022-08-10,346.61354581673305,
2022-08-11,384.2629482071713,
2022-08-12,375.2988047808765,
2022-08-15,378.4860557768924,
2022-08-16,381.2749003984064,
2022-08-17,419.9203187250996,
2022-08-18,408.7649402390438,
2022-08-19,412.35059760956176,
2022-08-22,401.59362549800795,
2022-08-23,384.2629482071713,
2022-08-24,379.2828685258964,
2022-08-25,390.63745019920316,
2022-08-26,393.4262948207171,
2022-08-29,371.71314741035854,
2022-08-30,378.6852589641434,
2022-08-31,371.31474103585657,
2022-09-01,368.92430278884456,
2022-09-02,366.33466135458167,
2022-09-05,360.75697211155375,
2022-09-06,360.75697211155375,
2022-09-07,359.96015936254975,
2022-09-08,368.7250996015936,
2022-09-09,384.2629482071713,
2022-09-13,394.4223107569721,
2022-09-14,354.98007968127484,
2022-09-15,353.78486055776887,
2022-09-16,361.55378486055776,
2022-09-19,344.2231075697211,
2022-09-20,356.9721115537848,
2022-09-21,353.1872509960159,
2022-09-22,344.2231075697211,
2022-09-23,339.44223107569724,
2022-09-26,338.6454183266932,
2022-09-27,322.1115537848605,
2022-09-28,302.9880478087649,
2022-09-29,301.79282868525894,
2022-09-30,302.1912350597609,
2022-10-10,302.58964143426294,
2022-10-11,313.3466135458167,
2022-10-12,306.37450199203187,
2022-10-13,302.9880478087649,
2022-10-14,300.796812749004,
2022-10-17,302.78884462151393,
2022-10-18,300.796812749004,
2022-10-19,300.59760956175296,
2022-10-20,299.99999999999994,
2022-10-21,296.215139442231,
2022-10-24,302.9880478087649,
2022-10-25,304.7808764940239,
2022-10-26,315.93625498007964,
2022-10-27,315.53784860557766,
2022-10-28,307.9681274900398,
2022-10-31,296.215139442231,
2022-11-01,312.74900398406373,
2022-11-02,309.56175298804783,
2022-11-03,299.00398406374495,
2022-11-04,312.74900398406373,
2022-11-07,326.89243027888443,
2022-11-08,328.6852589641434,
2022-11-09,329.68127490039836,
2022-11-10,316.73306772908364,
2022-11-11,362.1513944223108,
2022-11-14,377.2908366533864,
2022-11-15,384.4621513944223,
2022-11-16,389.64143426294817,
2022-11-17,369.3227091633466,
2022-11-18,368.92430278884456,
2022-11-21,360.3585657370518,
2022-11-22,358.1673306772908,
2022-11-23,360.3585657370518,
2022-11-24,356.9721115537848,
2022-11-25,348.40637450199205,
2022-11-28,350.99601593625493,
2022-11-29,354.1832669322709,
2022-11-30,369.72111553784856,
2022-12-01,384.86055776892425,
2022-12-02,387.25099601593627,
2022-12-05,398.406374501992,
2022-12-06,398.406374501992,
2022-12-07,375.49800796812747,
2022-12-08,371.51394422310756,
2022-12-09,376.69322709163345,
2022-12-12,378.4860557768924,
2022-12-13,366.73306772908364,
2022-12-14,383.4661354581673,
2022-12-15,370.91633466135454,
2022-12-16,362.35059760956176,
2022-12-19,350.99601593625493,
2022-12-20,356.57370517928285,
2022-12-21,349.00398406374495,
2022-12-22,354.98007968127484,
2022-12-23,351.59362549800795,
2022-12-26,351.59362549800795,
2022-12-27,351.59362549800795,
2022-12-28,354.1832669322709,
2022-12-29,348.40637450199205,
2022-12-30,347.011952191235,
2023-01-03,351.9920318725099,
2023-01-04,353.1872509960159,
2023-01-05,358.76494023904377,
2023-01-06,352.58964143426294,
2023-01-09,373.1075697211155,
2023-01-10,376.69322709163345,
2023-01-11,382.66932270916334,
2023-01-12,382.4701195219123,
2023-01-13,388.6454183266932,
2023-01-16,412.74900398406373,
2023-01-17,395.81673306772905,
2023-01-18,415.53784860557766,
2023-01-19,393.22709163346616,
2023-01-20,383.4661354581673,
2023-01-30,394.0239043824701,
2023-01-31,400.7968127490039,
2023-02-01,423.1075697211155,
2023-02-02,425.89641434262944,
2023-02-03,435.85657370517924,
2023-02-06,419.1235059760956,
2023-02-07,412.74900398406373,
2023-02-08,413.9442231075697,
2023-02-09,416.73306772908364,
2023-02-10,413.1474103585657,
2023-02-13,417.1314741035856,
2023-02-14,427.0916334661354,
2023-02-15,403.58565737051794,
2023-02-16,410.75697211155375,
2023-02-17,401.59362549800795,
2023-02-20,405.1792828685259,
2023-02-21,396.0159362549801,
2023-02-22,368.52589641434264,
2023-02-23,298.60557768924303,
2023-02-24,311.75298804780874,
2023-02-27,314.7410358565737,
2023-02-28,310.9561752988048,
2023-03-01,319.72111553784856,
2023-03-02,331.87250996015933,
2023-03-03,330.87649402390434,
2023-03-06,334.0637450199203,
2023-03-07,329.4820717131474,
2023-03-08,318.7250996015936,
2023-03-09,336.2549800796813,
2023-03-10,338.44621513944224,
2023-03-13,338.0478087649402,
2023-03-14,334.86055776892425,
2023-03-15,335.85657370517924,
2023-03-16,335.2589641434263,
2023-03-17,342.6294820717131,
2023-03-20,337.0517928286852,
2023-03-21,339.64143426294817,
2023-03-22,342.82868525896413,
2023-03-23,344.82071713147405,
2023-03-24,339.84063745019915,
2023-03-27,335.4581673306773,
2023-03-28,335.4581673306773,
2023-03-29,343.82470119521906,
2023-03-30,343.0278884462151,
2023-03-31,338.0478087649402,
2023-04-03,345.61752988047806,
2023-04-04,342.23107569721117,
2023-04-06,331.47410358565736,
2023-04-07,331.47410358565736,
2023-04-10,331.47410358565736,
2023-04-11,335.4581673306773,
2023-04-12,325.0996015936255,
2023-04-13,327.0916334661354,
2023-04-14,329.0836653386454,
2023-04-17,331.2749003984064,
2023-04-18,332.0717131474103,
2023-04-19,329.88047808764935,
2023-04-20,334.46215139442234,
2023-04-21,330.0796812749004,
2023-04-24,326.89243027888443,
2023-04-25,317.52988047808765,
2023-04-26,321.91235059760953,
2023-04-27,323.9043824701195,
2023-04-28,336.2549800796813,
2023-05-04,334.46215139442234,
2023-05-05,339.64143426294817,
2023-05-08,339.0438247011952,
2023-05-09,332.8685258964143,
2023-05-10,327.68924302788844,
2023-05-11,319.9203187250996,
2023-05-12,313.7450199203187,
2023-05-15,329.68127490039836,
2023-05-16,333.8645418326693,
2023-05-17,313.7450199203187,
2023-05-18,315.53784860557766,
2023-05-19,313.7450199203187,
2023-05-22,315.13944223107563,
2023-05-23,309.16334661354574,
2023-05-24,306.1752988047808,
2023-05-25,306.1752988047808,
2023-05-26,306.1752988047808,
2023-05-29,291.63346613545815,
2023-05-30,289.2430278884462,
2023-05-31,289.44223107569724,
2023-06-01,298.207171314741,
2023-06-02,293.8247011952191,
2023-06-05,294.6215139442231,
2023-06-06,280.6772908366534,
2023-06-07,296.61354581673305,
2023-06-08,298.40637450199205,
2023-06-09,296.61354581673305,
2023-06-12,299.800796812749,
2023-06-13,312.54980079681275,
2023-06-14,325.0996015936255,
2023-06-15,333.6653386454183,
2023-06-16,334.46215139442234,
2023-06-19,337.64940239043824,
2023-06-20,328.8844621513944,
2023-06-21,330.47808764940237,
2023-06-26,336.65338645418325,
2023-06-27,343.6254980079681,
2023-06-28,350.59760956175296,
2023-06-29,342.23107569721117,
2023-06-30,339.24302788844625,
2023-07-03,347.60956175298804,
2023-07-04,348.20717131474106,
2023-07-05,342.6294820717131,
2023-07-06,337.25099601593627,
2023-07-07,324.1035856573705,
2023-07-10,327.29083665338646,
2023-07-11,340.63745019920316,
2023-07-12,338.0478087649402,
2023-07-13,342.0318725099601,
2023-07-14,346.81274900398404,
2023-07-17,346.81274900398404,
2023-07-18,354.78087649402386,
2023-07-19,348.40637450199205,
2023-07-20,350.79681274900395,
2023-07-21,343.22709163346616,
2023-07-24,332.66932270916334,
2023-07-25,336.65338645418325,
2023-07-26,344.62151394422307,
2023-07-27,348.40637450199205,
2023-07-28,350.398406374502,
2023-07-31,350.79681274900395,
2023-08-01,359.76095617529876,
2023-08-02,370.71713147410355,
2023-08-03,386.2549800796812,
2023-08-04,384.86055776892425,
2023-08-07,387.64940239043824,
2023-08-08,379.88047808764935,
2023-08-09,379.08366533864546,
2023-08-10,314.5418326693227,
2023-08-11,327.0916334661354,
2023-08-14,323.7051792828685,
2023-08-15,330.67729083665336,
2023-08-16,325.49800796812747,
2023-08-17,320.91633466135454,
2023-08-18,312.9482071713147,
2023-08-21,313.1474103585657,
2023-08-22,322.9083665338645,
2023-08-23,315.13944223107563,
2023-08-24,307.56972111553785,
2023-08-25,306.77290836653384,
2023-08-28,309.56175298804783,
2023-08-29,314.3426294820717,
2023-08-30,313.54581673306774,
2023-08-31,308.7649402390438,
2023-09-01,308.7649402390438,
2023-09-04,317.33067729083666,
2023-09-05,314.9402390438247,
2023-09-06,306.37450199203187,
2023-09-07,301.9920318725099,
2023-09-08,301.9920318725099,
2023-09-11,311.1553784860557,
2023-09-12,313.1474103585657,
2023-09-13,308.1673306772908,
2023-09-14,299.800796812749,
2023-09-15,304.18326693227084,
2023-09-18,302.39043824701196,
2023-09-19,314.7410358565737,
2023-09-20,315.13944223107563,
2023-09-21,310.9561752988048,
2023-09-22,316.1354581673306,
2023-09-25,309.7609561752988,
2023-09-26,309.16334661354574,
2023-09-27,306.9721115537848,
2023-09-28,297.41035856573706,
2023-10-09,291.2350597609561,
2023-10-10,297.011952191235,
2023-10-11,296.215139442231,
2023-10-12,305.57768924302786,
2023-10-13,294.0239043824701,
2023-10-16,283.2669322709163,
2023-10-17,280.4780876494024,
2023-10-18,272.9083665338645,
2023-10-19,270.1195219123506,
2023-10-20,273.3067729083665,
2023-10-23,273.3067729083665,
2023-10-24,274.50199203187253,
2023-10-25,280.2788844621514,
2023-10-26,276.0956175298804,
2023-10-27,283.8645418326693,
2023-10-30,290.2390438247012,
2023-10-31,284.0637450199203,
2023-11-01,282.8685258964143,
2023-11-02,283.8645418326693,
2023-11-03,296.61354581673305,
2023-11-06,299.99999999999994,
2023-11-07,297.211155378486,
2023-11-08,294.0239043824701,
2023-11-09,295.21912350597603,
2023-11-10,286.85258964143424,
2023-11-13,294.0239043824701,
2023-11-14,294.8207171314741,
2023-11-15,325.69721115537845,
2023-11-16,325.69721115537845,
2023-11-17,323.30677290836655,
2023-11-20,322.70916334661354,
2023-11-21,325.69721115537845,
2023-11-22,323.7051792828685,
2023-11-23,313.1474103585657,
2023-11-24,311.1553784860557,
2023-11-27,317.33067729083666,
2023-11-28,321.91235059760953,
2023-11-29,318.52589641434264,
2023-11-30,315.93625498007964,
2023-12-01,313.1474103585657,
2023-12-04,317.9282868525896,
2023-12-05,308.36653386454185,
2023-12-06,316.53386454183266,
2023-12-07,311.35458167330677,
2023-12-08,308.9641434262948,
2023-12-11,313.1474103585657,
2023-12-12,320.31872509960164,
2023-12-13,315.73705179282865,
2023-12-14,347.21115537848607,
2023-12-15,353.38645418326695,
2023-12-18,366.1354581673307,
2023-12-19,365.53784860557766,
2023-12-20,372.50996015936255,
2023-12-21,363.7450199203187,
2023-12-22,368.52589641434264,
2023-12-25,368.52589641434264,
2023-12-26,368.52589641434264,
2023-12-27,370.91633466135454,
2023-12-28,372.50996015936255,
2023-12-29,370.71713147410355,
2024-01-02,369.3227091633466,
2024-01-03,354.1832669322709,
2024-01-04,349.203187250996,
2024-01-05,345.81673306772905,
2024-01-08,339.24302788844625,
2024-01-09,342.82868525896413,
2024-01-10,350.199203187251,
2024-01-11,346.61354581673305,
2024-01-12,343.82470119521906,
2024-01-15,343.82470119521906,
2024-01-16,337.45019920318725,
2024-01-17,332.66932270916334,
2024-01-18,331.07569721115533,
2024-01-19,337.25099601593627,
2024-01-22,328.28685258964146,
2024-01-23,351.79282868525894,
2024-01-24,355.3784860557769,
2024-01-25,354.5816733067729,
2024-01-26,354.5816733067729,
2024-01-29,353.38645418326695,
2024-01-30,339.64143426294817,
2024-01-31,331.47410358565736,
2024-02-01,338.84462151394416,
2024-02-02,343.0278884462151,
2024-02-05,334.26294820717135,
2024-02-06,335.4581673306773,
2024-02-07,342.23107569721117,
2024-02-08,335.65737051792826,
2024-02-19,328.0876494023904,
2024-02-20,331.07569721115533,
2024-02-21,346.61354581673305,
2024-02-22,340.63745019920316,
2024-02-23,340.43824701195217,
2024-02-26,345.2191235059761,
2024-02-27,338.6454183266932,
2024-02-28,334.86055776892425,
2024-02-29,337.64940239043824,
2024-03-01,328.8844621513944,
2024-03-04,360.3585657370518,
2024-03-05,347.60956175298804,
2024-03-06,367.52988047808765,
2024-03-07,373.1075697211155,
2024-03-08,376.0956175298805,
2024-03-11,396.61354581673305,
2024-03-12,392.0318725099602,
2024-03-13,395.81673306772905,
2024-03-14,399.60159362549797,
2024-03-15,408.36653386454185,
2024-03-18,408.7649402390438,
2024-03-19,406.77290836653384,
2024-03-20,403.58565737051794,
2024-03-21,416.33466135458167,
2024-03-22,413.9442231075697,
2024-03-25,417.1314741035856,
2024-03-26,430.2788844621514,
2024-03-27,434.66135458167327,
2024-03-28,422.70916334661354,
2024-03-29,422.70916334661354,
2024-04-01,422.70916334661354,
2024-04-02,417.52988047808765,
2024-04-03,408.36653386454185,
2024-04-08,421.91235059760953,
2024-04-09,433.8645418326693,
2024-04-10,438.6454183266932,
2024-04-11,439.0438247011952,
2024-04-12,441.4342629482071,
2024-04-15,434.2629482071713,
2024-04-16,415.1394422310757,
2024-04-17,411.95219123505973,
2024-04-18,414.7410358565737,
2024-04-19,404.3824701195219,
2024-04-22,409.56175298804783,
2024-04-23,418.3266932270916,
2024-04-24,425.0996015936255,
2024-04-25,424.3027888446215,
2024-04-26,433.4661354581673,
2024-04-29,419.9203187250996,
2024-04-30,435.85657370517924,
2024-05-06,436.2549800796812,
2024-05-07,445.4183266932271,
2024-05-08,431.47410358565736,
2024-05-09,444.2231075697211,
2024-05-10,446.215139442231,
2024-05-13,454.98007968127484,
2024-05-14,450.59760956175296,
2024-05-15,450.59760956175296,
2024-05-16,422.70916334661354,
2024-05-17,426.69322709163345,
2024-05-20,430.2788844621514,
2024-05-21,408.7649402390438,
2024-05-22,405.1792828685259,
2024-05-23,396.0159362549801,
2024-05-24,392.82868525896413,
2024-05-27,395.0199203187251,
2024-05-28,396.0159362549801,
2024-05-29,384.2629482071713,
2024-05-30,380.0796812749004,
2024-05-31,381.2749003984064,
2024-06-03,382.0717131474104,
2024-06-04,383.2669322709163,
2024-06-05,382.8685258964143,
2024-06-06,397.609561752988,
2024-06-07,386.65338645418325,
2024-06-11,379.68127490039836,
2024-06-12,376.0956175298805,
2024-06-13,391.83266932270914,
2024-06-14,380.87649402390434,
2024-06-17,383.8645418326693,
2024-06-18,382.4701195219123,
2024-06-19,385.0597609561753,
2024-06-20,374.3027888446215,
2024-06-21,366.9322709163346,
2024-06-24,369.72111553784856,
2024-06-25,371.71314741035854,
2024-06-26,363.7450199203187,
2024-06-27,370.3187250996016,
2024-06-28,355.3784860557769,
2024-07-01,355.3784860557769,
2024-07-02,354.5816733067729,
2024-07-03,361.95219123505973,
2024-07-04,361.95219123505973,
2024-07-05,361.35458167330677,
2024-07-08,348.60557768924303,
2024-07-09,356.57370517928285,
2024-07-10,351.79282868525894,
2024-07-11,354.78087649402386,
2024-07-12,379.4820717131474,
2024-07-15,381.87250996015933,
2024-07-16,380.2788844621514,
2024-07-17,398.406374501992,
2024-07-18,394.0239043824701,
2024-07-19,386.0557768924303,
2024-07-22,390.83665338645415,
2024-07-23,382.2709163346613,
2024-07-24,378.8844621513944,
2024-07-25,372.1115537848605,
2024-07-26,374.10358565737056,
2024-07-29,388.04780876494027,
2024-07-30,381.67330677290835,
2024-07-31,398.80478087649396,
2024-08-01,406.37450199203187,
2024-08-02,390.0398406374502,
2024-08-05,373.5059760956175,
2024-08-06,364.7410358565737,
2024-08-07,377.49003984063745,
2024-08-08,389.24302788844625,
2024-08-09,385.65737051792826,
2024-08-12,384.66135458167327,
2024-08-13,388.24701195219126,
2024-08-14,388.6454183266932,
2024-08-15,396.81274900398404,
2024-08-16,413.9442231075697,
2024-08-19,411.95219123505973,
2024-08-20,411.55378486055776,
2024-08-21,414.3426294820717,
2024-08-22,422.70916334661354,
2024-08-23,418.3266932270916,
2024-08-26,421.1155378486056,
2024-08-27,422.70916334661354,
2024-08-28,417.1314741035856,
2024-08-29,420.71713147410355,
2024-08-30,418.7250996015936,
2024-09-02,418.3266932270916,
2024-09-03,416.73306772908364,
2024-09-04,409.56175298804783,
2024-09-05,409.56175298804783,
2024-09-06,409.56175298804783,
2024-09-09,411.1553784860558,
2024-09-10,416.73306772908364,
2024-09-11,412.74900398406373,
2024-09-12,415.53784860557766,
2024-09-13,418.3266932270916,
2024-09-18,433.0677290836653,
2024-09-19,443.82470119521906,
2024-09-20,465.3386454183266,
2024-09-23,455.3784860557768,
2024-09-24,448.207171314741,
2024-09-25,454.58167330677287,
2024-09-26,469.7211155378486,
2024-09-27,481.6733067729084,
2024-09-30,470.5179282868525,
2024-10-08,441.83266932270914,
2024-10-09,450.19920318725093,
2024-10-10,463.3466135458167,
2024-10-11,463.3466135458167,
2024-10-14,457.3705179282868,
2024-10-15,451.79282868525894,
2024-10-16,450.99601593625493,
2024-10-17,444.62151394422307,
2024-10-18,464.14342629482064,
2024-10-21,455.3784860557768,
2024-10-22,453.3864541832669,
2024-10-23,453.3864541832669,
2024-10-24,449.00398406374495,
2024-10-25,457.3705179282868,
2024-10-28,455.7768924302789,
2024-10-29,459.3625498007968,
2024-10-30,450.99601593625493,
2024-10-31,447.011952191235,
2024-11-01,448.605577689243,
2024-11-04,452.1912350597609,
2024-11-05,453.784860557769,
2024-11-06,438.6454183266932,
2024-11-07,431.47410358565736,
2024-11-08,436.65338645418325,
2024-11-11,430.2788844621514,
2024-11-12,427.0916334661354,
2024-11-13,425.89641434262944,
2024-11-14,419.5219123505976,
2024-11-15,416.33466135458167,
2024-11-18,415.53784860557766,
2024-11-19,417.9282868525896,
2024-11-20,423.5059760956175,
2024-11-21,422.31075697211156,
2024-11-22,416.73306772908364,
2024-11-25,425.49800796812747,
2024-11-26,420.71713147410355,
2024-11-27,442.2310756972111,
2024-11-28,431.47410358565736,
2024-11-29,436.65338645418325,
2024-12-02,437.8486055776892,
2024-12-03,453.3864541832669,
2024-12-04,449.00398406374495,
2024-12-05,441.83266932270914,
2024-12-06,442.6294820717131,
2024-12-09,452.1912350597609,
2024-12-10,450.99601593625493,
2024-12-11,434.66135458167327,
2024-12-12,424.70119521912346,
2024-12-13,425.49800796812747,
2024-12-16,423.9043824701195,
2024-12-17,413.54581673306774,
2024-12-18,417.9282868525896,
2024-12-19,408.7649402390438,
2024-12-20,408.36653386454185,
2024-12-23,405.57768924302786,
2024-12-24,409.1633466135458,
2024-12-25,409.1633466135458,
2024-12-26,409.1633466135458,
2024-12-27,409.1633466135458,
2024-12-30,408.36653386454185,
2024-12-31,408.36653386454185,
2025-01-02,400.398406374502,
2025-01-03,405.1792828685259,
2025-01-06,401.99203187251,
2025-01-07,404.7808764940239,
2025-01-08,385.65737051792826,
2025-01-09,395.61752988047806,
2025-01-10,392.23107569721117,
2025-01-13,389.24302788844625,
2025-01-14,387.4501992031872,
2025-01-15,398.80478087649396,
2025-01-16,409.9601593625498,
2025-01-17,419.1235059760956,
2025-01-20,413.9442231075697,
2025-01-21,423.1075697211155,
2025-01-22,414.3426294820717,
2025-01-23,409.9601593625498,
2025-01-24,419.9203187250996,
2025-01-27,413.9442231075697,
2025-02-05,395.0199203187251,
2025-02-06,408.36653386454185,
2025-02-07,407.17131474103587,
2025-02-10,399.60159362549797,
2025-02-11,401.59362549800795,
2025-02-12,422.70916334661354,
2025-02-13,426.2948207171315,
2025-02-14,429.88047808764935,
2025-02-17,422.31075697211156,
2025-02-18,418.7250996015936,
2025-02-19,421.1155378486056,
2025-02-20,425.89641434262944,
2025-02-21,436.2549800796812,
2025-02-24,429.4820717131474,
2025-02-25,430.67729083665336,
2025-02-26,430.2788844621514,
2025-02-27,440.2390438247012,
2025-02-28,431.87250996015933,
2025-03-03,443.82470119521906,
2025-03-04,446.61354581673305,
2025-03-05,429.88047808764935,
2025-03-06,420.3187250996016,
2025-03-07,410.75697211155375,
2025-03-10,403.9840637450199,
2025-03-11,403.1872509960159,
2025-03-12,393.22709163346616,
2025-03-13,393.0278884462152,
2025-03-14,390.0398406374502,
2025-03-17,381.0756972111554,
2025-03-18,388.24701195219126,
2025-03-19,391.83266932270914,
2025-03-20,377.68924302788844,
2025-03-21,379.08366533864546,
2025-03-24,378.8844621513944,
2025-03-25,385.0597609561753,
2025-03-26,382.8685258964143,
2025-03-27,382.4701195219123,
2025-03-28,378.2868525896414,
2025-03-31,371.51394422310756,
2025-04-01,376.69322709163345,
2025-04-02,373.7051792828685,
2025-04-03,327.49003984063745,
2025-04-07,294.42231075697214,
2025-04-08,287.0517928286852,
2025-04-09,290.83665338645415,
2025-04-10,303.58565737051794,
2025-04-11,293.8247011952191,
2025-04-14,302.9880478087649,
2025-04-15,300.796812749004,
2025-04-16,298.207171314741,
2025-04-17,302.9880478087649,
2025-04-18,302.9880478087649,
2025-04-21,302.9880478087649,
2025-04-22,304.18326693227084,
2025-04-23,315.53784860557766,
2025-04-24,310.9561752988048,
2025-04-25,313.9442231075697,
2025-04-28,313.9442231075697,
2025-04-29,306.57370517928285,
2025-04-30,312.35059760956176,
2025-05-06,332.4701195219123,
2025-05-07,332.66932270916334,
2025-05-08,337.25099601593627,
2025-05-09,344.0239043824701,
2025-05-12,366.9322709163346,
2025-05-13,370.3187250996016,
2025-05-14,373.1075697211155,
2025-05-15,364.94023904382465,
2025-05-16,366.1354581673307,
2025-05-19,364.5418326693227,
2025-05-20,370.51792828685257,
2025-05-21,365.1394422310757,
2025-05-22,358.56573705179284,
2025-05-23,360.95617529880474,
2025-05-26,360.1593625498008,
2025-05-27,353.98406374501985,
2025-05-28,356.57370517928285,
2025-05-29,362.94820717131466,
2025-05-30,349.99999999999994,
2025-06-03,361.75298804780874,
2025-06-04,369.72111553784856,
2025-06-05,365.1394422310757,
2025-06-06,366.9322709163346,
2025-06-09,366.1354581673307,
2025-06-10,365.1394422310757,
2025-06-11,364.5418326693227,
2025-06-12,362.1513944223108,
2025-06-13,356.9721115537848,
2025-06-16,354.5816733067729,
2025-06-17,353.1872509960159,
2025-06-18,345.61752988047806,
2025-06-19,340.03984063745014,
2025-06-20,337.45019920318725,
2025-06-23,334.0637450199203,
2025-06-24,346.81274900398404,
2025-06-25,346.2151394422311,
2025-06-26,344.82071713147405,
2025-06-27,346.61354581673305,
2025-06-30,343.82470119521906,
2025-07-01,343.82470119521906,
2025-07-02,348.60557768924303,
2025-07-03,352.7888446215139,
2025-07-04,341.83266932270914,
2025-07-07,339.44223107569724,
2025-07-08,344.62151394422307,
2025-07-09,340.83665338645415,
2025-07-10,346.41434262948206,
2025-07-11,351.195219123506,
2025-07-14,346.61354581673305,
2025-07-15,360.1593625498008,
2025-07-16,359.96015936254975,
2025-07-17,362.35059760956176,
2025-07-18,366.1354581673307,
2025-07-21,364.94023904382465,
2025-07-22,375.2988047808765,
2025-07-23,378.6852589641434,
2025-07-24,384.86055776892425,
2025-07-25,381.2749003984064,
2025-07-28,380.67729083665336,
2025-07-29,395.61752988047806,
2025-07-30,379.2828685258964,
2025-07-31,375.69721115537845,
2025-08-01,377.2908366533864,
2025-08-04,377.8884462151394,
2025-08-05,376.49402390438246,
2025-08-06,379.2828685258964,
2025-08-07,377.8884462151394,
2025-08-08,375.2988047808765,
2025-08-11,391.63346613545815,
2025-08-12,393.4262948207171,
2025-08-13,411.1553784860558,
2025-08-14,407.9681274900398,
2025-08-15,410.3585657370518,
2025-08-18,404.7808764940239,
2025-08-19,400.7968127490039,
2025-08-20,400.7968127490039,
2025-08-21,399.60159362549797,
2025-08-22,396.61354581673305,
2025-08-25,413.54581673306774,
2025-08-26,409.9601593625498,
2025-08-27,402.39043824701196,
2025-08-28,398.20717131474106,
2025-08-29,400.0,
2025-09-01,397.410358565737,
2025-09-02,383.8645418326693,
2025-09-03,381.2749003984064,
2025-09-04,379.68127490039836,
2025-09-05,385.2589641434263,
2025-09-08,384.86055776892425,
2025-09-09,385.0597609561753,
2025-09-10,384.86055776892425,
2025-09-11,392.23107569721117,
2025-09-12,395.0199203187251,
2025-09-15,389.24302788844625,
2025-09-16,392.0318725099602,
2025-09-17,401.59362549800795,
2025-09-18,404.3824701195219,
2025-09-19,415.53784860557766,
2025-09-22,398.80478087649396,
2025-09-23,396.414342629482,
2025-09-24,395.2191235059761,
2025-09-25,390.2390438247012,
2025-09-26,382.8685258964143,
2025-09-29,391.63346613545815,
2025-09-30,396.61354581673305,
2025-10-09,378.08764940239047,
2025-10-10,377.49003984063745,
2025-10-13,365.93625498007964,
2025-10-14,354.98007968127484,
2025-10-15,367.1314741035856,
2025-10-16,366.73306772908364,
2025-10-17,356.57370517928285,
2025-10-20,371.9123505976095,
2025-10-21,385.65737051792826,
2025-10-22,382.0717131474104,
2025-10-23,383.2669322709163,
2025-10-24,394.82071713147405,
2025-10-27,397.80876494023903,
2025-10-28,395.2191235059761,
2025-10-29,395.2191235059761,
2025-10-30,376.49402390438246,
2025-10-31,361.75298804780874,
2025-11-03,359.96015936254975,
2025-11-04,352.7888446215139,
2025-11-05,355.57768924302786,
2025-11-06,364.5418326693227,
2025-11-07,358.1673306772908,
2025-11-10,362.35059760956176,
2025-11-11,361.55378486055776,
2025-11-12,356.57370517928285,
2025-11-13,367.33067729083666,
2025-11-14,359.56175298804783,
2025-11-17,354.78087649402386,
2025-11-18,344.42231075697214,
2025-11-19,334.66135458167327,
2025-11-20,352.58964143426294,
2025-11-21,340.63745019920316,
2025-11-24,349.40239043824704,
2025-11-25,353.98406374501985,
2025-11-26,358.56573705179284,
2025-11-27,358.56573705179284,
2025-11-28,362.94820717131466,
2025-12-01,362.54980079681275,
2025-12-02,366.53386454183266,
2025-12-03,378.08764940239047,
2025-12-04,378.8844621513944,
2025-12-05,382.4701195219123,
2025-12-08,373.7051792828685,
2025-12-09,363.94422310756966,
2025-12-10,362.74900398406373,
2025-12-11,366.73306772908364,
2025-12-12,374.70119521912346,
2025-12-15,364.1434262948207,
2025-12-16,365.1394422310757,
2025-12-17,357.7689243027888,
2025-12-18,363.3466135458167,
2025-12-19,365.73705179282865,
2025-12-22,361.95219123505973,
2025-12-23,365.3386454183267,
2025-12-24,365.93625498007964,
2025-12-25,365.93625498007964,
2025-12-26,365.93625498007964,
2025-12-29,362.94820717131466,
2025-12-30,366.1354581673307,
2025-12-31,358.1673306772908,
2026-01-05,365.93625498007964,
2026-01-06,374.5019920318725,
2026-01-07,381.67330677290835,
2026-01-08,376.69322709163345,
2026-01-09,384.2629482071713,
2026-01-12,394.82071713147405,
2026-01-13,396.2151394422311,
2026-01-14,396.61354581673305,
2026-01-15,392.4302788844621,
2026-01-16,411.55378486055776,
2026-01-19,407.17131474103587,
2026-01-20,402.39043824701196,
2026-01-21,403.58565737051794,
2026-01-22,405.1792828685259,
2026-01-23,406.77290836653384,
2026-01-26,404.7808764940239,
2026-01-27,416.73306772908364,
2026-01-28,426.2948207171315,
2026-01-29,423.1075697211155,
2026-01-30,424.3027888446215,
2026-02-02,420.3187250996016,
2026-02-03,429.88047808764935,
2026-02-04,452.5896414342629,
2026-02-05,451.79282868525894,
2026-02-06,446.61354581673305,
2026-02-09,450.59760956175296,
2026-02-10,455.3784860557768,
2026-02-11,477.68924302788844,
2026-02-12,478.4860557768924,
2026-02-13,472.5099601593625,
2026-02-24,491.63346613545815,
2026-02-25,491.63346613545815,
2026-02-26,501.195219123506,
2026-02-27,508.36653386454185,
2026-03-02,500.0,
2026-03-03,492.0318725099602,
2026-03-04,485.2589641434262,
2026-03-05,484.06374501992036,
2026-03-06,474.5019920318724,
2026-03-09,453.784860557769,
2026-03-10,467.7290836653387,
2026-03-11,469.32270916334653,
2026-03-12,459.3625498007968,
2026-03-13,449.00398406374495,
2026-03-16,443.4262948207171,
2026-03-17,441.83266932270914,
2026-03-18,443.82470119521906,
2026-03-19,426.69322709163345,
2026-03-20,427.0916334661354,
2026-03-23,408.7649402390438,
2026-03-24,420.71713147410355,
2026-03-25,439.84063745019915,
2026-03-26,425.89641434262944,
2026-03-27,420.3187250996016,
2026-03-30,407.9681274900398,
2026-03-31,406.77290836653384,
2026-04-01,428.6852589641434,
2026-04-02,417.9282868525896,
2026-04-03,417.9282868525896,
2026-04-07,417.9282868525896,
2026-04-08,447.011952191235,
2026-04-09,452.9880478087649,
2026-04-10,454.98007968127484,
2026-04-13,440.63745019920316,
2026-04-14,447.410358565737,
2026-04-15,445.01992031872504,
2026-04-16,439.4422310756972,
2026-04-17,435.0597609561753,
2026-04-20,445.81673306772905,
2026-04-21,457.3705179282868,
2026-04-22,460.55776892430276,
2026-04-23,443.82470119521906,
2026-04-24,451.3944223107569,
2026-04-27,447.410358565737,
2026-04-28,437.0517928286852,
2026-04-29,443.82470119521906,
2026-04-30,445.81673306772905,
2026-05-06,456.1752988047808,
2026-05-07,503.1872509960159,
2026-05-08,490.8366533864542,
2026-05-11,485.6573705179283,
2026-05-12,496.0159362549801,
2026-05-13,496.0159362549801,
2026-05-14,478.8844621513944,
2026-05-15,470.11952191235054,
2026-05-18,470.9163346613546,
2026-05-19,468.92430278884467,
2026-05-20,466.1354581673306,
2026-05-21,466.1354581673306,
2026-05-22,473.3067729083665,
2026-05-25,473.3067729083665,
2026-05-26,465.3386454183266,
2026-05-27,462.5498007968127,
2026-05-28,454.18326693227084,
2026-05-29,463.3466135458167,
2026-06-01,456.9721115537848,
2026-06-02,463.3466135458167,
2026-06-03,471.7131474103586,
2026-06-04,479.6812749003984,
2026-06-05,466.1354581673306,
2026-06-08,468.12749003984055,
2026-06-09,458.5657370517928,
2026-06-10,453.784860557769,
2026-06-11,459.7609561752988,
2026-06-12,472.9083665338646,
2026-06-15,495.6175298804781,
2026-06-16,492.43027888446204,
2026-06-17,500.0,
2026-06-18,488.8446215139442,
2026-06-22,485.6573705179283,
2026-06-23,472.9083665338646,
2026-06-24,483.26693227091624,
2026-06-25,511.55378486055776,
2026-06-26,506.77290836653384,
2026-06-29,508.36653386454185,
2026-06-30,515.9362549800796,
2026-07-01,515.9362549800796,
2026-07-02,508.7649402390438,
2026-07-03,512.3505976095618,
2026-07-06,512.3505976095618,
2026-07-07,519.1235059760957,
2026-07-08,502.39043824701184,
2026-07-09,504.7808764940239,
2026-07-10,500.796812749004,
2026-07-13,493.62549800796813,
2026-07-14,500.0,
2026-07-15,511.55378486055776,
2026-07-16,516.3346613545816,
2026-07-17,511.1553784860558,
2026-07-20,516.3346613545816,
2026-07-21,517.5298804780876,
2026-07-22,517.5298804780876,
2026-07-23,525.8964143426294,
2026-07-24,510.3585657370518,
2026-07-27,517.5298804780876,
2026-07-28,509.9601593625498,
2026-07-29,523.1075697211155,
2026-07-30,518.7250996015936,
2026-07-31,525.8964143426294,
2026-08-03,533.0677290836654,
2026-08-04,529.8804780876494,
2026-08-05,572.9083665338645,
2026-08-06,578.8844621513945,
2026-08-07,584.0637450199202,
2026-08-10,589.2430278884462,
2026-08-11,575.6972111553785,
2026-08-12,576.8924302788845,
2026-08-13,577.2908366533865,
2026-08-14,567.3306772908367,
2026-08-17,565.7370517928287,
2026-08-18,562.9482071713147,
2026-08-19,551.7928286852589,
2026-08-20,562.9482071713147,
2026-08-21,570.5179282868526,
2026-08-24,568.5258964143426,
2026-08-25,557.7689243027888,
2026-08-26,547.410358565737,
2026-08-27,552.589641434263,
2026-08-28,538.6454183266932,
2026-08-31,539.8406374501992,
